﻿<?xml version="1.0" encoding="utf-8" ?>
<software>
    <metadata>
        <name>BC Image Alias</name>
        <version>//autogentag//</version>
        <copyright>Copyright (C) 1999 - 2012 &lt;a href='http://brookinsconsulting.com'&gt;Brookins Consulting&lt;/a&gt; and eZ Systems AS</copyright>
        <license>GNU General Public License</license>
        <info_url>http://projects.ez.no/bcimagealias</info_url>
        <source_url>http://github.com/brookinsconsulting/bcimagealias</source_url>
    </metadata>
    <dependencies>
    </dependencies>
</software>
