<?xml version="1.0" encoding="utf-8" ?>
<software>
    <metadata>
        <name>Netgen Comments</name>
        <version>1.0</version>
        <copyright>Copyright (C) 2011 Netgen d.o.o.</copyright>
        <license>GNU General Public License v2.0</license>
        <info_url>http://projects.ez.no/ngcomments</info_url>
    </metadata>

    <dependencies>
        <requires>
            <extension name="ezcomments" />
        </requires>
        <extends>
            <extension name="ezcomments" />
        </extends>
        <requires>
            <extension name="ezjscore" />
        </requires>
    </dependencies>
</software>