<?xml version="1.0" encoding="utf-8"?>
<content-object xmlns:ezremote="http://ez.no/ezobject" xmlns:ezobject="http://ez.no/object/">
  <object-list xmlns:ezremote="http://ez.no/ezobject" xmlns:ezobject="http://ez.no/object/">
    <ezremote:object xmlns:ezremote="http://ez.no/ezobject" xmlns:ezobject="http://ez.no/object/" ezremote:id="208" name="Personal PDF Catalogue" ezremote:section_id="1" ezremote:owner_id="14" ezremote:class_id="45" ezremote:published="Fri, 12 Mar 2010 20:21:00 GMT" ezremote:modified="Mon, 15 Mar 2010 16:54:41 GMT" remote_id="23e97876b4af7afcbe8de3084d1b5c8f" class_remote_id="a48ce148f8a96fc2c7f53a112827b997" ezremote:class_identifier="ab_pdf_catalogue" ezremote:always_available="1" initial_language="eng-GB">
      <ezobject:version-list xmlns:ezobject="http://ez.no/object/" active_version="1">
        <ezobject:version xmlns:ezremote="http://ez.no/ezobject" ezremote:version="1" ezremote:status="1" ezremote:created="Mon, 15 Mar 2010 16:53:35 GMT" ezremote:modified="Mon, 15 Mar 2010 16:54:41 GMT" initial_language="eng-GB">
          <ezobject:object-translation language="eng-GB" object_name="Personal PDF Catalogue">
            <ezobject:attribute xmlns:ezremote="http://ez.no/ezobject" ezremote:id="1157" ezremote:identifier="title" name="Title" type="ezstring">
              <text>Personal PDF Catalogue</text>
            </ezobject:attribute>
            <ezobject:attribute xmlns:ezremote="http://ez.no/ezobject" ezremote:id="1158" ezremote:identifier="targetfilename" name="Target file name" type="ezstring">
              <text>abpdfcatalogue.pdf</text>
            </ezobject:attribute>
            <ezobject:attribute xmlns:ezremote="http://ez.no/ezobject" ezremote:id="1159" ezremote:identifier="introduction" name="Introduction" type="ezobjectrelationlist">
              <related-objects>
                <relation-list>
                  <relation-item priority="1" contentobject-remote-id="e83574fb6fed51206d5eab590ffef0a5"/>
                </relation-list>
              </related-objects>
            </ezobject:attribute>
            <ezobject:attribute xmlns:ezremote="http://ez.no/ezobject" ezremote:id="1160" ezremote:identifier="appendix" name="Appendix" type="ezobjectrelationlist">
              <related-objects>
                <relation-list/>
              </related-objects>
            </ezobject:attribute>
            <ezobject:attribute xmlns:ezremote="http://ez.no/ezobject" ezremote:id="1161" ezremote:identifier="short_description" name="Short description" type="ezxmltext">
              <section xmlns:image="http://ez.no/namespaces/ezpublish3/image/" xmlns:xhtml="http://ez.no/namespaces/ezpublish3/xhtml/" xmlns:custom="http://ez.no/namespaces/ezpublish3/custom/">
                <paragraph>Drag the PDF documents from the right hand side and drop them in the target area below using your mouse. Finally click on the "Create catalogue" button to create your personal PDF catalogue.</paragraph>
              </section>
            </ezobject:attribute>
            <ezobject:attribute xmlns:ezremote="http://ez.no/ezobject" ezremote:id="1162" ezremote:identifier="description" name="Description" type="ezxmltext">
              <section xmlns:image="http://ez.no/namespaces/ezpublish3/image/" xmlns:xhtml="http://ez.no/namespaces/ezpublish3/xhtml/" xmlns:custom="http://ez.no/namespaces/ezpublish3/custom/">
                <paragraph>The PDF documents that are shown below, contain different chapters related to the PDF catalogue extension for eZ Publish. Just choose the chapters you are interested in and use the drag and drop functionality to add them step by step to your own PDF catalogue. The drag and drop functionality can also be used to change the order of the PDF documents within the target area.</paragraph>
                <paragraph>Further information about the PDF catalogue project can be found at <link href="http://projects.ez.no/abpdfcatalogue">http://projects.ez.no/abpdfcatalogue</link></paragraph>
                <paragraph>
                  <custom name="googlelinkblock"/>
                </paragraph>
              </section>
            </ezobject:attribute>
            <ezobject:attribute xmlns:ezremote="http://ez.no/ezobject" ezremote:id="1163" ezremote:identifier="toc_title" name="Table of contents title" type="ezstring">
              <text>Table of contents</text>
            </ezobject:attribute>
            <ezobject:attribute xmlns:ezremote="http://ez.no/ezobject" ezremote:id="1164" ezremote:identifier="pdf_subject" name="PDF Subject" type="ezstring">
              <text></text>
            </ezobject:attribute>
            <ezobject:attribute xmlns:ezremote="http://ez.no/ezobject" ezremote:id="1165" ezremote:identifier="pdf_title" name="PDF Title" type="ezstring">
              <text></text>
            </ezobject:attribute>
            <ezobject:attribute xmlns:ezremote="http://ez.no/ezobject" ezremote:id="1166" ezremote:identifier="pdf_author" name="PDF Author" type="ezstring">
              <text></text>
            </ezobject:attribute>
            <ezobject:attribute xmlns:ezremote="http://ez.no/ezobject" ezremote:id="1167" ezremote:identifier="pdf_keywords" name="PDF Keywords" type="ezstring">
              <text></text>
            </ezobject:attribute>
            <ezobject:attribute xmlns:ezremote="http://ez.no/ezobject" ezremote:id="1168" ezremote:identifier="pdf_compression" name="PDF Compression" type="ezboolean">
              <value>1</value>
            </ezobject:attribute>
            <ezobject:attribute xmlns:ezremote="http://ez.no/ezobject" ezremote:id="1169" ezremote:identifier="target_zone_background" name="Target Zone Background" type="ezimage" image-file-key="410fdfb7490199bd42e919eb2e6fb101" alternative-text="Target"/>
            <ezobject:attribute xmlns:ezremote="http://ez.no/ezobject" ezremote:id="1170" ezremote:identifier="toc_background" name="Table of contents background PDF" type="ezbinaryfile">
              <binary-file filesize="12799" filename="f1721036391645552310cba95efec46b.pdf" original-filename="background.pdf" mime-type="application/pdf" filekey="93d694eea26b8cac4681cc7b89ed5db0"/>
            </ezobject:attribute>
            <ezobject:attribute xmlns:ezremote="http://ez.no/ezobject" ezremote:id="1171" ezremote:identifier="toc_margins" name="Table of content margins" type="ezstring">
              <text>15;15;15</text>
            </ezobject:attribute>
          </ezobject:object-translation>
          <ezobject:node-assignment-list>
            <node-assignment is-main-node="1" name="Personal PDF Catalogue" node-id="209" remote-id="4cff9ca2537b1a524670da6eda0a79e8" sort-field="path" sort-order="1" priority="0"/>
          </ezobject:node-assignment-list>
        </ezobject:version>
      </ezobject:version-list>
    </ezremote:object>
    <ezremote:object xmlns:ezremote="http://ez.no/ezobject" xmlns:ezobject="http://ez.no/object/" ezremote:id="209" name="Basics" ezremote:section_id="1" ezremote:owner_id="14" ezremote:class_id="47" ezremote:published="Fri, 12 Mar 2010 20:22:16 GMT" ezremote:modified="Tue, 16 Mar 2010 20:58:50 GMT" remote_id="fe80811291042d11a995806995c95f84" class_remote_id="bb47af67899ef5f6023933f2fcba36bc" ezremote:class_identifier="ab_pdf_catalogue_chapter" ezremote:always_available="0" initial_language="eng-GB">
      <ezobject:version-list xmlns:ezobject="http://ez.no/object/" active_version="1">
        <ezobject:version xmlns:ezremote="http://ez.no/ezobject" ezremote:version="1" ezremote:status="1" ezremote:created="Tue, 16 Mar 2010 20:58:22 GMT" ezremote:modified="Tue, 16 Mar 2010 20:58:50 GMT" initial_language="eng-GB">
          <ezobject:object-translation language="eng-GB" object_name="Basics">
            <ezobject:attribute xmlns:ezremote="http://ez.no/ezobject" ezremote:id="1172" ezremote:identifier="title" name="Title" type="ezstring">
              <text>Basics</text>
            </ezobject:attribute>
            <ezobject:attribute xmlns:ezremote="http://ez.no/ezobject" ezremote:id="1173" ezremote:identifier="subtitle" name="Subtitle" type="ezstring">
              <text></text>
            </ezobject:attribute>
            <ezobject:attribute xmlns:ezremote="http://ez.no/ezobject" ezremote:id="1174" ezremote:identifier="preview_image" name="Preview Image" type="ezimage" alternative-text=""/>
            <ezobject:attribute xmlns:ezremote="http://ez.no/ezobject" ezremote:id="1175" ezremote:identifier="css_id" name="CSS Id" type="ezstring">
              <text></text>
            </ezobject:attribute>
            <ezobject:attribute xmlns:ezremote="http://ez.no/ezobject" ezremote:id="1176" ezremote:identifier="pdf_documents" name="PDF Documents" type="ezobjectrelationlist">
              <related-objects>
                <relation-list>
                  <relation-item priority="1" contentobject-remote-id="01e47a727b7ff30f4626a13413e8cade"/>
                  <relation-item priority="2" contentobject-remote-id="5d74542972d8fb2441c566d53e0380b9"/>
                  <relation-item priority="3" contentobject-remote-id="49dfb164892bf88ece86e535155e6d86"/>
                </relation-list>
              </related-objects>
            </ezobject:attribute>
          </ezobject:object-translation>
          <ezobject:node-assignment-list>
            <node-assignment is-main-node="1" parent-node-remote-id="4cff9ca2537b1a524670da6eda0a79e8" name="Basics" node-id="210" remote-id="b3820bd8164bc15f7814e3bcca7d4bfe" sort-field="path" sort-order="1" priority="0"/>
          </ezobject:node-assignment-list>
        </ezobject:version>
      </ezobject:version-list>
    </ezremote:object>
    <ezremote:object xmlns:ezremote="http://ez.no/ezobject" xmlns:ezobject="http://ez.no/object/" ezremote:id="210" name="Advanced" ezremote:section_id="1" ezremote:owner_id="14" ezremote:class_id="47" ezremote:published="Sun, 16 May 2010 06:36:49 GMT" ezremote:modified="Sun, 16 May 2010 06:36:49 GMT" remote_id="8faf3f66ee0eb1177077457cc57a4a51" class_remote_id="bb47af67899ef5f6023933f2fcba36bc" ezremote:class_identifier="ab_pdf_catalogue_chapter" ezremote:always_available="0" initial_language="eng-GB">
      <ezobject:version-list xmlns:ezobject="http://ez.no/object/" active_version="1">
        <ezobject:version xmlns:ezremote="http://ez.no/ezobject" ezremote:version="1" ezremote:status="1" ezremote:created="Sun, 16 May 2010 06:36:20 GMT" ezremote:modified="Sun, 16 May 2010 06:36:49 GMT" initial_language="eng-GB">
          <ezobject:object-translation language="eng-GB" object_name="Advanced">
            <ezobject:attribute xmlns:ezremote="http://ez.no/ezobject" ezremote:id="1177" ezremote:identifier="title" name="Title" type="ezstring">
              <text>Advanced</text>
            </ezobject:attribute>
            <ezobject:attribute xmlns:ezremote="http://ez.no/ezobject" ezremote:id="1178" ezremote:identifier="subtitle" name="Subtitle" type="ezstring">
              <text></text>
            </ezobject:attribute>
            <ezobject:attribute xmlns:ezremote="http://ez.no/ezobject" ezremote:id="1179" ezremote:identifier="preview_image" name="Preview Image" type="ezimage" alternative-text=""/>
            <ezobject:attribute xmlns:ezremote="http://ez.no/ezobject" ezremote:id="1180" ezremote:identifier="css_id" name="CSS Id" type="ezstring">
              <text></text>
            </ezobject:attribute>
            <ezobject:attribute xmlns:ezremote="http://ez.no/ezobject" ezremote:id="1181" ezremote:identifier="pdf_documents" name="PDF Documents" type="ezobjectrelationlist">
              <related-objects>
                <relation-list>
                  <relation-item priority="1" contentobject-remote-id="4fab5ecce9f363642352ff6787de6562"/>
                </relation-list>
              </related-objects>
            </ezobject:attribute>
          </ezobject:object-translation>
          <ezobject:node-assignment-list>
            <node-assignment is-main-node="1" parent-node-remote-id="4cff9ca2537b1a524670da6eda0a79e8" name="Advanced" node-id="211" remote-id="90e40516ca027f69e0d7135d57e7fe93" sort-field="path" sort-order="1" priority="0"/>
          </ezobject:node-assignment-list>
        </ezobject:version>
      </ezobject:version-list>
    </ezremote:object>
    <ezremote:object xmlns:ezremote="http://ez.no/ezobject" xmlns:ezobject="http://ez.no/object/" ezremote:id="211" name="PDF Documents" ezremote:section_id="3" ezremote:owner_id="14" ezremote:class_id="1" ezremote:published="Fri, 12 Mar 2010 18:38:11 GMT" ezremote:modified="Mon, 02 Aug 2010 05:49:07 GMT" remote_id="727f407c6d9bc181f3daa19e4489b1d7" class_remote_id="a3d405b81be900468eb153d774f4f0d2" ezremote:class_identifier="folder" ezremote:always_available="1" initial_language="eng-GB">
      <ezobject:version-list xmlns:ezobject="http://ez.no/object/" active_version="3">
        <ezobject:version xmlns:ezremote="http://ez.no/ezobject" ezremote:version="3" ezremote:status="1" ezremote:created="Mon, 02 Aug 2010 05:48:55 GMT" ezremote:modified="Mon, 02 Aug 2010 05:49:07 GMT" initial_language="eng-GB">
          <ezobject:object-translation language="eng-GB" object_name="PDF Documents">
            <ezobject:attribute xmlns:ezremote="http://ez.no/ezobject" ezremote:id="1236" ezremote:identifier="name" name="Name" type="ezstring">
              <text>PDF Documents</text>
            </ezobject:attribute>
            <ezobject:attribute xmlns:ezremote="http://ez.no/ezobject" ezremote:id="1237" ezremote:identifier="short_name" name="Short name" type="ezstring">
              <text>PDF Documents</text>
            </ezobject:attribute>
            <ezobject:attribute xmlns:ezremote="http://ez.no/ezobject" ezremote:id="1238" ezremote:identifier="short_description" name="Summary" type="ezxmltext">
              <section xmlns:image="http://ez.no/namespaces/ezpublish3/image/" xmlns:xhtml="http://ez.no/namespaces/ezpublish3/xhtml/" xmlns:custom="http://ez.no/namespaces/ezpublish3/custom/">
                <paragraph>This folder is supposed to store files of the class ab_pdf_catalogue_document which can be used to create PDF catalogues.</paragraph>
              </section>
            </ezobject:attribute>
            <ezobject:attribute xmlns:ezremote="http://ez.no/ezobject" ezremote:id="1239" ezremote:identifier="description" name="Description" type="ezxmltext">
              <section xmlns:image="http://ez.no/namespaces/ezpublish3/image/" xmlns:xhtml="http://ez.no/namespaces/ezpublish3/xhtml/" xmlns:custom="http://ez.no/namespaces/ezpublish3/custom/">
                <paragraph>You can also create sub folders in this folder to more easily find the PDF Catalogue Documents you are searching for.</paragraph>
              </section>
            </ezobject:attribute>
            <ezobject:attribute xmlns:ezremote="http://ez.no/ezobject" ezremote:id="1240" ezremote:identifier="show_children" name="Display sub items" type="ezboolean">
              <value>1</value>
            </ezobject:attribute>
            <ezobject:attribute xmlns:ezremote="http://ez.no/ezobject" ezremote:id="1241" ezremote:identifier="tags" name="Tags" type="ezkeyword">
              <keyword-string>PDF catalogue</keyword-string>
            </ezobject:attribute>
            <ezobject:attribute xmlns:ezremote="http://ez.no/ezobject" ezremote:id="1242" ezremote:identifier="publish_date" name="Publish date" type="ezdatetime"/>
          </ezobject:object-translation>
          <ezobject:node-assignment-list>
            <node-assignment is-main-node="1" name="PDF Documents" node-id="212" remote-id="833bb665acf49786cb4f2eb39038d445" sort-field="path" sort-order="1" priority="0"/>
          </ezobject:node-assignment-list>
        </ezobject:version>
      </ezobject:version-list>
    </ezremote:object>
    <ezremote:object xmlns:ezremote="http://ez.no/ezobject" xmlns:ezobject="http://ez.no/object/" ezremote:id="212" name="Introduction" ezremote:section_id="3" ezremote:owner_id="14" ezremote:class_id="46" ezremote:published="Fri, 12 Mar 2010 20:12:59 GMT" ezremote:modified="Sat, 13 Mar 2010 08:40:36 GMT" remote_id="e83574fb6fed51206d5eab590ffef0a5" class_remote_id="7af787817ad906e3689629be99b738ff" ezremote:class_identifier="ab_pdf_catalogue_document" ezremote:always_available="0" initial_language="eng-GB">
      <ezobject:version-list xmlns:ezobject="http://ez.no/object/" active_version="1">
        <ezobject:version xmlns:ezremote="http://ez.no/ezobject" ezremote:version="1" ezremote:status="1" ezremote:created="Sat, 13 Mar 2010 08:40:06 GMT" ezremote:modified="Sat, 13 Mar 2010 08:40:36 GMT" initial_language="eng-GB">
          <ezobject:object-translation language="eng-GB" object_name="Introduction">
            <ezobject:attribute xmlns:ezremote="http://ez.no/ezobject" ezremote:id="1189" ezremote:identifier="title" name="Title" type="ezstring">
              <text>Introduction</text>
            </ezobject:attribute>
            <ezobject:attribute xmlns:ezremote="http://ez.no/ezobject" ezremote:id="1190" ezremote:identifier="description" name="Description" type="ezxmltext">
              <section xmlns:image="http://ez.no/namespaces/ezpublish3/image/" xmlns:xhtml="http://ez.no/namespaces/ezpublish3/xhtml/" xmlns:custom="http://ez.no/namespaces/ezpublish3/custom/">
                <paragraph>A little introduction into the abpdfcatalogue extension.</paragraph>
              </section>
            </ezobject:attribute>
            <ezobject:attribute xmlns:ezremote="http://ez.no/ezobject" ezremote:id="1191" ezremote:identifier="pdf_file" name="PDF File" type="ezobjectrelationlist">
              <related-objects>
                <relation-list>
                  <relation-item priority="1" contentobject-remote-id="be04dba84f539da86dc0b077e8258bae"/>
                </relation-list>
              </related-objects>
            </ezobject:attribute>
            <ezobject:attribute xmlns:ezremote="http://ez.no/ezobject" ezremote:id="1192" ezremote:identifier="preview_image" name="Preview Image" type="ezimage" alternative-text=""/>
          </ezobject:object-translation>
          <ezobject:node-assignment-list>
            <node-assignment is-main-node="1" parent-node-remote-id="833bb665acf49786cb4f2eb39038d445" name="Introduction" node-id="213" remote-id="347da5c116f80a2d3a967c1ee859c06d" sort-field="path" sort-order="1" priority="0"/>
          </ezobject:node-assignment-list>
        </ezobject:version>
      </ezobject:version-list>
    </ezremote:object>
    <ezremote:object xmlns:ezremote="http://ez.no/ezobject" xmlns:ezobject="http://ez.no/object/" ezremote:id="213" name="Installation" ezremote:section_id="3" ezremote:owner_id="14" ezremote:class_id="46" ezremote:published="Sat, 13 Mar 2010 08:39:55 GMT" ezremote:modified="Sat, 20 Mar 2010 06:37:30 GMT" remote_id="01e47a727b7ff30f4626a13413e8cade" class_remote_id="7af787817ad906e3689629be99b738ff" ezremote:class_identifier="ab_pdf_catalogue_document" ezremote:always_available="0" initial_language="eng-GB">
      <ezobject:version-list xmlns:ezobject="http://ez.no/object/" active_version="1">
        <ezobject:version xmlns:ezremote="http://ez.no/ezobject" ezremote:version="1" ezremote:status="1" ezremote:created="Sat, 20 Mar 2010 06:36:48 GMT" ezremote:modified="Sat, 20 Mar 2010 06:37:29 GMT" initial_language="eng-GB">
          <ezobject:object-translation language="eng-GB" object_name="Installation">
            <ezobject:attribute xmlns:ezremote="http://ez.no/ezobject" ezremote:id="1193" ezremote:identifier="title" name="Title" type="ezstring">
              <text>Installation</text>
            </ezobject:attribute>
            <ezobject:attribute xmlns:ezremote="http://ez.no/ezobject" ezremote:id="1194" ezremote:identifier="description" name="Description" type="ezxmltext">
              <section xmlns:image="http://ez.no/namespaces/ezpublish3/image/" xmlns:xhtml="http://ez.no/namespaces/ezpublish3/xhtml/" xmlns:custom="http://ez.no/namespaces/ezpublish3/custom/">
                <paragraph>A description about how to install the abpdfcatalogue extension.</paragraph>
              </section>
            </ezobject:attribute>
            <ezobject:attribute xmlns:ezremote="http://ez.no/ezobject" ezremote:id="1195" ezremote:identifier="pdf_file" name="PDF File" type="ezobjectrelationlist">
              <related-objects>
                <relation-list>
                  <relation-item priority="1" contentobject-remote-id="002a37b920ab43cd1e59b925d71deead"/>
                </relation-list>
              </related-objects>
            </ezobject:attribute>
            <ezobject:attribute xmlns:ezremote="http://ez.no/ezobject" ezremote:id="1196" ezremote:identifier="preview_image" name="Preview Image" type="ezimage" image-file-key="a2d70ef2da77ec8a2f057300c78ba758" alternative-text="Preview"/>
          </ezobject:object-translation>
          <ezobject:node-assignment-list>
            <node-assignment is-main-node="1" parent-node-remote-id="833bb665acf49786cb4f2eb39038d445" name="Installation" node-id="214" remote-id="d2f1965b5da119e84dfee91bdac8fcb1" sort-field="path" sort-order="1" priority="0"/>
          </ezobject:node-assignment-list>
        </ezobject:version>
      </ezobject:version-list>
    </ezremote:object>
    <ezremote:object xmlns:ezremote="http://ez.no/ezobject" xmlns:ezobject="http://ez.no/object/" ezremote:id="214" name="Usage" ezremote:section_id="3" ezremote:owner_id="14" ezremote:class_id="46" ezremote:published="Sat, 13 Mar 2010 08:42:03 GMT" ezremote:modified="Sat, 20 Mar 2010 07:24:37 GMT" remote_id="5d74542972d8fb2441c566d53e0380b9" class_remote_id="7af787817ad906e3689629be99b738ff" ezremote:class_identifier="ab_pdf_catalogue_document" ezremote:always_available="0" initial_language="eng-GB">
      <ezobject:version-list xmlns:ezobject="http://ez.no/object/" active_version="1">
        <ezobject:version xmlns:ezremote="http://ez.no/ezobject" ezremote:version="1" ezremote:status="1" ezremote:created="Sat, 20 Mar 2010 07:24:16 GMT" ezremote:modified="Sat, 20 Mar 2010 07:24:37 GMT" initial_language="eng-GB">
          <ezobject:object-translation language="eng-GB" object_name="Usage">
            <ezobject:attribute xmlns:ezremote="http://ez.no/ezobject" ezremote:id="1197" ezremote:identifier="title" name="Title" type="ezstring">
              <text>Usage</text>
            </ezobject:attribute>
            <ezobject:attribute xmlns:ezremote="http://ez.no/ezobject" ezremote:id="1198" ezremote:identifier="description" name="Description" type="ezxmltext">
              <section xmlns:image="http://ez.no/namespaces/ezpublish3/image/" xmlns:xhtml="http://ez.no/namespaces/ezpublish3/xhtml/" xmlns:custom="http://ez.no/namespaces/ezpublish3/custom/">
                <paragraph>A description about how to create a PDF catalogue and use the abpdfcatalogue extension.</paragraph>
              </section>
            </ezobject:attribute>
            <ezobject:attribute xmlns:ezremote="http://ez.no/ezobject" ezremote:id="1199" ezremote:identifier="pdf_file" name="PDF File" type="ezobjectrelationlist">
              <related-objects>
                <relation-list>
                  <relation-item priority="1" contentobject-remote-id="689bab061db0ee660159492e0bec9463"/>
                </relation-list>
              </related-objects>
            </ezobject:attribute>
            <ezobject:attribute xmlns:ezremote="http://ez.no/ezobject" ezremote:id="1200" ezremote:identifier="preview_image" name="Preview Image" type="ezimage" image-file-key="fa93f0be220da65da1a6e8abd27ff142" alternative-text="Preview"/>
          </ezobject:object-translation>
          <ezobject:node-assignment-list>
            <node-assignment is-main-node="1" parent-node-remote-id="833bb665acf49786cb4f2eb39038d445" name="Usage" node-id="215" remote-id="739a56fcf93dccd7d5e30093d5cddc96" sort-field="path" sort-order="1" priority="0"/>
          </ezobject:node-assignment-list>
        </ezobject:version>
      </ezobject:version-list>
    </ezremote:object>
    <ezremote:object xmlns:ezremote="http://ez.no/ezobject" xmlns:ezobject="http://ez.no/object/" ezremote:id="215" name="Class description" ezremote:section_id="3" ezremote:owner_id="14" ezremote:class_id="46" ezremote:published="Tue, 16 Mar 2010 20:57:39 GMT" ezremote:modified="Sat, 20 Mar 2010 06:55:57 GMT" remote_id="49dfb164892bf88ece86e535155e6d86" class_remote_id="7af787817ad906e3689629be99b738ff" ezremote:class_identifier="ab_pdf_catalogue_document" ezremote:always_available="1" initial_language="eng-GB">
      <ezobject:version-list xmlns:ezobject="http://ez.no/object/" active_version="1">
        <ezobject:version xmlns:ezremote="http://ez.no/ezobject" ezremote:version="1" ezremote:status="1" ezremote:created="Sat, 20 Mar 2010 06:54:53 GMT" ezremote:modified="Sat, 20 Mar 2010 06:55:56 GMT" initial_language="eng-GB">
          <ezobject:object-translation language="eng-GB" object_name="Class description">
            <ezobject:attribute xmlns:ezremote="http://ez.no/ezobject" ezremote:id="1201" ezremote:identifier="title" name="Title" type="ezstring">
              <text>Class description</text>
            </ezobject:attribute>
            <ezobject:attribute xmlns:ezremote="http://ez.no/ezobject" ezremote:id="1202" ezremote:identifier="description" name="Description" type="ezxmltext">
              <section xmlns:image="http://ez.no/namespaces/ezpublish3/image/" xmlns:xhtml="http://ez.no/namespaces/ezpublish3/xhtml/" xmlns:custom="http://ez.no/namespaces/ezpublish3/custom/">
                <paragraph>This document describes the content classes that are used by the abpdfcatalogue extension.</paragraph>
              </section>
            </ezobject:attribute>
            <ezobject:attribute xmlns:ezremote="http://ez.no/ezobject" ezremote:id="1203" ezremote:identifier="pdf_file" name="PDF File" type="ezobjectrelationlist">
              <related-objects>
                <relation-list>
                  <relation-item priority="1" contentobject-remote-id="bf00927a80a1729242ab91f9d01abffd"/>
                </relation-list>
              </related-objects>
            </ezobject:attribute>
            <ezobject:attribute xmlns:ezremote="http://ez.no/ezobject" ezremote:id="1204" ezremote:identifier="preview_image" name="Preview Image" type="ezimage" image-file-key="c23cd970633a17e29fd6375c267cf1aa" alternative-text="Preview"/>
          </ezobject:object-translation>
          <ezobject:node-assignment-list>
            <node-assignment is-main-node="1" parent-node-remote-id="833bb665acf49786cb4f2eb39038d445" name="Class description" node-id="216" remote-id="b3bcdab2eb2c0aa618722095e8314ac1" sort-field="path" sort-order="1" priority="0"/>
          </ezobject:node-assignment-list>
        </ezobject:version>
      </ezobject:version-list>
    </ezremote:object>
    <ezremote:object xmlns:ezremote="http://ez.no/ezobject" xmlns:ezobject="http://ez.no/object/" ezremote:id="216" name="Customization" ezremote:section_id="3" ezremote:owner_id="14" ezremote:class_id="46" ezremote:published="Sun, 16 May 2010 06:34:38 GMT" ezremote:modified="Sun, 16 May 2010 06:34:38 GMT" remote_id="4fab5ecce9f363642352ff6787de6562" class_remote_id="7af787817ad906e3689629be99b738ff" ezremote:class_identifier="ab_pdf_catalogue_document" ezremote:always_available="0" initial_language="eng-GB">
      <ezobject:version-list xmlns:ezobject="http://ez.no/object/" active_version="1">
        <ezobject:version xmlns:ezremote="http://ez.no/ezobject" ezremote:version="1" ezremote:status="1" ezremote:created="Sun, 16 May 2010 06:32:37 GMT" ezremote:modified="Sun, 16 May 2010 06:34:38 GMT" initial_language="eng-GB">
          <ezobject:object-translation language="eng-GB" object_name="Customization">
            <ezobject:attribute xmlns:ezremote="http://ez.no/ezobject" ezremote:id="1205" ezremote:identifier="title" name="Title" type="ezstring">
              <text>Customization</text>
            </ezobject:attribute>
            <ezobject:attribute xmlns:ezremote="http://ez.no/ezobject" ezremote:id="1206" ezremote:identifier="description" name="Description" type="ezxmltext">
              <section xmlns:image="http://ez.no/namespaces/ezpublish3/image/" xmlns:xhtml="http://ez.no/namespaces/ezpublish3/xhtml/" xmlns:custom="http://ez.no/namespaces/ezpublish3/custom/">
                <paragraph>This chapter describes how to customize the common or dedicated PDF catalogues in the abpdfcatalogue extension.</paragraph>
              </section>
            </ezobject:attribute>
            <ezobject:attribute xmlns:ezremote="http://ez.no/ezobject" ezremote:id="1207" ezremote:identifier="pdf_file" name="PDF File" type="ezobjectrelationlist">
              <related-objects>
                <relation-list>
                  <relation-item priority="1" contentobject-remote-id="264dfc062d4ddb251e206749f23d9b50"/>
                </relation-list>
              </related-objects>
            </ezobject:attribute>
            <ezobject:attribute xmlns:ezremote="http://ez.no/ezobject" ezremote:id="1208" ezremote:identifier="preview_image" name="Preview Image" type="ezimage" image-file-key="5a170b388bab79800e2a40c130cf1bff" alternative-text="Preview Image"/>
          </ezobject:object-translation>
          <ezobject:node-assignment-list>
            <node-assignment is-main-node="1" parent-node-remote-id="833bb665acf49786cb4f2eb39038d445" name="Customization" node-id="217" remote-id="75ac0982400f364b6e52b16a6f0a8e89" sort-field="path" sort-order="1" priority="0"/>
          </ezobject:node-assignment-list>
        </ezobject:version>
      </ezobject:version-list>
    </ezremote:object>
    <ezremote:object xmlns:ezremote="http://ez.no/ezobject" xmlns:ezobject="http://ez.no/object/" ezremote:id="217" name="PDF Files" ezremote:section_id="3" ezremote:owner_id="14" ezremote:class_id="1" ezremote:published="Fri, 12 Mar 2010 20:10:00 GMT" ezremote:modified="Mon, 02 Aug 2010 05:51:52 GMT" remote_id="ce15a3aa1a47aa1c1d0991b7477e9d47" class_remote_id="a3d405b81be900468eb153d774f4f0d2" ezremote:class_identifier="folder" ezremote:always_available="1" initial_language="eng-GB">
      <ezobject:version-list xmlns:ezobject="http://ez.no/object/" active_version="3">
        <ezobject:version xmlns:ezremote="http://ez.no/ezobject" ezremote:version="3" ezremote:status="1" ezremote:created="Mon, 02 Aug 2010 05:51:27 GMT" ezremote:modified="Mon, 02 Aug 2010 05:51:52 GMT" initial_language="eng-GB">
          <ezobject:object-translation language="eng-GB" object_name="PDF Files">
            <ezobject:attribute xmlns:ezremote="http://ez.no/ezobject" ezremote:id="1243" ezremote:identifier="name" name="Name" type="ezstring">
              <text>PDF Files</text>
            </ezobject:attribute>
            <ezobject:attribute xmlns:ezremote="http://ez.no/ezobject" ezremote:id="1244" ezremote:identifier="short_name" name="Short name" type="ezstring">
              <text>PDF Files</text>
            </ezobject:attribute>
            <ezobject:attribute xmlns:ezremote="http://ez.no/ezobject" ezremote:id="1245" ezremote:identifier="short_description" name="Summary" type="ezxmltext">
              <section xmlns:image="http://ez.no/namespaces/ezpublish3/image/" xmlns:xhtml="http://ez.no/namespaces/ezpublish3/xhtml/" xmlns:custom="http://ez.no/namespaces/ezpublish3/custom/">
                <paragraph>This folder is supposed to store content objects of the class file which can be used by PDF Catalogue Documents.</paragraph>
              </section>
            </ezobject:attribute>
            <ezobject:attribute xmlns:ezremote="http://ez.no/ezobject" ezremote:id="1246" ezremote:identifier="description" name="Description" type="ezxmltext">
              <section xmlns:image="http://ez.no/namespaces/ezpublish3/image/" xmlns:xhtml="http://ez.no/namespaces/ezpublish3/xhtml/" xmlns:custom="http://ez.no/namespaces/ezpublish3/custom/">
                <paragraph>You can also create sub folders in this folder to more easily find the PDF Files you are searching for.</paragraph>
              </section>
            </ezobject:attribute>
            <ezobject:attribute xmlns:ezremote="http://ez.no/ezobject" ezremote:id="1247" ezremote:identifier="show_children" name="Display sub items" type="ezboolean">
              <value>1</value>
            </ezobject:attribute>
            <ezobject:attribute xmlns:ezremote="http://ez.no/ezobject" ezremote:id="1248" ezremote:identifier="tags" name="Tags" type="ezkeyword">
              <keyword-string>PDF catalogue</keyword-string>
            </ezobject:attribute>
            <ezobject:attribute xmlns:ezremote="http://ez.no/ezobject" ezremote:id="1249" ezremote:identifier="publish_date" name="Publish date" type="ezdatetime"/>
          </ezobject:object-translation>
          <ezobject:node-assignment-list>
            <node-assignment is-main-node="1" name="PDF Files" node-id="218" remote-id="a091867e01bef0dc02f54edee87adc07" sort-field="path" sort-order="1" priority="0"/>
          </ezobject:node-assignment-list>
        </ezobject:version>
      </ezobject:version-list>
    </ezremote:object>
    <ezremote:object xmlns:ezremote="http://ez.no/ezobject" xmlns:ezobject="http://ez.no/object/" ezremote:id="218" name="PDF Catalogue Introduction" ezremote:section_id="3" ezremote:owner_id="14" ezremote:class_id="28" ezremote:published="Fri, 12 Mar 2010 20:11:57 GMT" ezremote:modified="Mon, 02 Aug 2010 05:42:54 GMT" remote_id="be04dba84f539da86dc0b077e8258bae" class_remote_id="637d58bfddf164627bdfd265733280a0" ezremote:class_identifier="file" ezremote:always_available="1" initial_language="eng-GB">
      <ezobject:version-list xmlns:ezobject="http://ez.no/object/" active_version="2">
        <ezobject:version xmlns:ezremote="http://ez.no/ezobject" ezremote:version="2" ezremote:status="1" ezremote:created="Mon, 02 Aug 2010 05:42:16 GMT" ezremote:modified="Mon, 02 Aug 2010 05:42:54 GMT" initial_language="eng-GB">
          <ezobject:object-translation language="eng-GB" object_name="PDF Catalogue Introduction">
            <ezobject:attribute xmlns:ezremote="http://ez.no/ezobject" ezremote:id="1216" ezremote:identifier="name" name="Name" type="ezstring">
              <text>PDF Catalogue Introduction</text>
            </ezobject:attribute>
            <ezobject:attribute xmlns:ezremote="http://ez.no/ezobject" ezremote:id="1217" ezremote:identifier="description" name="Description" type="ezxmltext">
              <section xmlns:image="http://ez.no/namespaces/ezpublish3/image/" xmlns:xhtml="http://ez.no/namespaces/ezpublish3/xhtml/" xmlns:custom="http://ez.no/namespaces/ezpublish3/custom/">
                <paragraph>PDF Catalogue Introduction</paragraph>
              </section>
            </ezobject:attribute>
            <ezobject:attribute xmlns:ezremote="http://ez.no/ezobject" ezremote:id="1218" ezremote:identifier="file" name="File" type="ezbinaryfile">
              <binary-file filesize="151074" filename="8049dcb5b1baf958c174019594d43d54.pdf" original-filename="PDF Catalogue Introduction.pdf" mime-type="application/pdf" filekey="2aacded7478dc515d43d22042a40c4f4"/>
            </ezobject:attribute>
            <ezobject:attribute xmlns:ezremote="http://ez.no/ezobject" ezremote:id="1219" ezremote:identifier="tags" name="Tags" type="ezkeyword">
              <keyword-string></keyword-string>
            </ezobject:attribute>
          </ezobject:object-translation>
          <ezobject:node-assignment-list>
            <node-assignment is-main-node="1" parent-node-remote-id="a091867e01bef0dc02f54edee87adc07" name="PDF Catalogue Introduction" node-id="219" remote-id="c82fe669e22ef0fa890cd2467dcdb165" sort-field="path" sort-order="1" priority="0"/>
          </ezobject:node-assignment-list>
        </ezobject:version>
      </ezobject:version-list>
    </ezremote:object>
    <ezremote:object xmlns:ezremote="http://ez.no/ezobject" xmlns:ezobject="http://ez.no/object/" ezremote:id="219" name="PDF Catalogue Installation" ezremote:section_id="3" ezremote:owner_id="14" ezremote:class_id="28" ezremote:published="Sat, 13 Mar 2010 08:34:12 GMT" ezremote:modified="Mon, 02 Aug 2010 05:43:31 GMT" remote_id="002a37b920ab43cd1e59b925d71deead" class_remote_id="637d58bfddf164627bdfd265733280a0" ezremote:class_identifier="file" ezremote:always_available="1" initial_language="eng-GB">
      <ezobject:version-list xmlns:ezobject="http://ez.no/object/" active_version="2">
        <ezobject:version xmlns:ezremote="http://ez.no/ezobject" ezremote:version="2" ezremote:status="1" ezremote:created="Mon, 02 Aug 2010 05:43:22 GMT" ezremote:modified="Mon, 02 Aug 2010 05:43:31 GMT" initial_language="eng-GB">
          <ezobject:object-translation language="eng-GB" object_name="PDF Catalogue Installation">
            <ezobject:attribute xmlns:ezremote="http://ez.no/ezobject" ezremote:id="1220" ezremote:identifier="name" name="Name" type="ezstring">
              <text>PDF Catalogue Installation</text>
            </ezobject:attribute>
            <ezobject:attribute xmlns:ezremote="http://ez.no/ezobject" ezremote:id="1221" ezremote:identifier="description" name="Description" type="ezxmltext">
              <section xmlns:image="http://ez.no/namespaces/ezpublish3/image/" xmlns:xhtml="http://ez.no/namespaces/ezpublish3/xhtml/" xmlns:custom="http://ez.no/namespaces/ezpublish3/custom/">
                <paragraph>PDF Catalogue Installation</paragraph>
              </section>
            </ezobject:attribute>
            <ezobject:attribute xmlns:ezremote="http://ez.no/ezobject" ezremote:id="1222" ezremote:identifier="file" name="File" type="ezbinaryfile">
              <binary-file filesize="176339" filename="ca269b06d6a44d5ec49922552410d972.pdf" original-filename="PDF Catalogue Installation.pdf" mime-type="application/pdf" filekey="c0d8806c1854585150f8a2c128742b25"/>
            </ezobject:attribute>
            <ezobject:attribute xmlns:ezremote="http://ez.no/ezobject" ezremote:id="1223" ezremote:identifier="tags" name="Tags" type="ezkeyword">
              <keyword-string></keyword-string>
            </ezobject:attribute>
          </ezobject:object-translation>
          <ezobject:node-assignment-list>
            <node-assignment is-main-node="1" parent-node-remote-id="a091867e01bef0dc02f54edee87adc07" name="PDF Catalogue Installation" node-id="220" remote-id="214693e9fdfd830ea0aeeef1e082c6ae" sort-field="path" sort-order="1" priority="0"/>
          </ezobject:node-assignment-list>
        </ezobject:version>
      </ezobject:version-list>
    </ezremote:object>
    <ezremote:object xmlns:ezremote="http://ez.no/ezobject" xmlns:ezobject="http://ez.no/object/" ezremote:id="220" name="PDF Catalogue Usage" ezremote:section_id="3" ezremote:owner_id="14" ezremote:class_id="28" ezremote:published="Sat, 13 Mar 2010 08:37:05 GMT" ezremote:modified="Mon, 02 Aug 2010 05:43:55 GMT" remote_id="689bab061db0ee660159492e0bec9463" class_remote_id="637d58bfddf164627bdfd265733280a0" ezremote:class_identifier="file" ezremote:always_available="1" initial_language="eng-GB">
      <ezobject:version-list xmlns:ezobject="http://ez.no/object/" active_version="2">
        <ezobject:version xmlns:ezremote="http://ez.no/ezobject" ezremote:version="2" ezremote:status="1" ezremote:created="Mon, 02 Aug 2010 05:43:44 GMT" ezremote:modified="Mon, 02 Aug 2010 05:43:55 GMT" initial_language="eng-GB">
          <ezobject:object-translation language="eng-GB" object_name="PDF Catalogue Usage">
            <ezobject:attribute xmlns:ezremote="http://ez.no/ezobject" ezremote:id="1224" ezremote:identifier="name" name="Name" type="ezstring">
              <text>PDF Catalogue Usage</text>
            </ezobject:attribute>
            <ezobject:attribute xmlns:ezremote="http://ez.no/ezobject" ezremote:id="1225" ezremote:identifier="description" name="Description" type="ezxmltext">
              <section xmlns:image="http://ez.no/namespaces/ezpublish3/image/" xmlns:xhtml="http://ez.no/namespaces/ezpublish3/xhtml/" xmlns:custom="http://ez.no/namespaces/ezpublish3/custom/">
                <paragraph>PDF Catalogue Usage</paragraph>
              </section>
            </ezobject:attribute>
            <ezobject:attribute xmlns:ezremote="http://ez.no/ezobject" ezremote:id="1226" ezremote:identifier="file" name="File" type="ezbinaryfile">
              <binary-file filesize="251161" filename="af96f5c8a06d5352efeba7c91a584d9b.pdf" original-filename="PDF Catalogue Usage.pdf" mime-type="application/pdf" filekey="fd64d87b591af3c8c2f1d95e90ccf69a"/>
            </ezobject:attribute>
            <ezobject:attribute xmlns:ezremote="http://ez.no/ezobject" ezremote:id="1227" ezremote:identifier="tags" name="Tags" type="ezkeyword">
              <keyword-string></keyword-string>
            </ezobject:attribute>
          </ezobject:object-translation>
          <ezobject:node-assignment-list>
            <node-assignment is-main-node="1" parent-node-remote-id="a091867e01bef0dc02f54edee87adc07" name="PDF Catalogue Usage" node-id="221" remote-id="19a405ab1797050c6005daa12ce10588" sort-field="path" sort-order="1" priority="0"/>
          </ezobject:node-assignment-list>
        </ezobject:version>
      </ezobject:version-list>
    </ezremote:object>
    <ezremote:object xmlns:ezremote="http://ez.no/ezobject" xmlns:ezobject="http://ez.no/object/" ezremote:id="221" name="PDF Catalogue Class Description" ezremote:section_id="3" ezremote:owner_id="14" ezremote:class_id="28" ezremote:published="Tue, 16 Mar 2010 20:56:06 GMT" ezremote:modified="Mon, 02 Aug 2010 05:44:16 GMT" remote_id="bf00927a80a1729242ab91f9d01abffd" class_remote_id="637d58bfddf164627bdfd265733280a0" ezremote:class_identifier="file" ezremote:always_available="1" initial_language="eng-GB">
      <ezobject:version-list xmlns:ezobject="http://ez.no/object/" active_version="2">
        <ezobject:version xmlns:ezremote="http://ez.no/ezobject" ezremote:version="2" ezremote:status="1" ezremote:created="Mon, 02 Aug 2010 05:44:06 GMT" ezremote:modified="Mon, 02 Aug 2010 05:44:16 GMT" initial_language="eng-GB">
          <ezobject:object-translation language="eng-GB" object_name="PDF Catalogue Class Description">
            <ezobject:attribute xmlns:ezremote="http://ez.no/ezobject" ezremote:id="1228" ezremote:identifier="name" name="Name" type="ezstring">
              <text>PDF Catalogue Class Description</text>
            </ezobject:attribute>
            <ezobject:attribute xmlns:ezremote="http://ez.no/ezobject" ezremote:id="1229" ezremote:identifier="description" name="Description" type="ezxmltext">
              <section xmlns:image="http://ez.no/namespaces/ezpublish3/image/" xmlns:xhtml="http://ez.no/namespaces/ezpublish3/xhtml/" xmlns:custom="http://ez.no/namespaces/ezpublish3/custom/">
                <paragraph>PDF catalogue class description</paragraph>
              </section>
            </ezobject:attribute>
            <ezobject:attribute xmlns:ezremote="http://ez.no/ezobject" ezremote:id="1230" ezremote:identifier="file" name="File" type="ezbinaryfile">
              <binary-file filesize="105942" filename="466532cecae7eea011ac719da43ae3df.pdf" original-filename="PDF Catalogue Class Description.pdf" mime-type="application/pdf" filekey="c69a963fa22d97867fba6dd6571cdf49"/>
            </ezobject:attribute>
            <ezobject:attribute xmlns:ezremote="http://ez.no/ezobject" ezremote:id="1231" ezremote:identifier="tags" name="Tags" type="ezkeyword">
              <keyword-string></keyword-string>
            </ezobject:attribute>
          </ezobject:object-translation>
          <ezobject:node-assignment-list>
            <node-assignment is-main-node="1" parent-node-remote-id="a091867e01bef0dc02f54edee87adc07" name="PDF Catalogue Class Description" node-id="222" remote-id="16bdb62d682bfa62ce8a6c639e9d893e" sort-field="path" sort-order="1" priority="0"/>
          </ezobject:node-assignment-list>
        </ezobject:version>
      </ezobject:version-list>
    </ezremote:object>
    <ezremote:object xmlns:ezremote="http://ez.no/ezobject" xmlns:ezobject="http://ez.no/object/" ezremote:id="222" name="PDF Catalogue Customization" ezremote:section_id="3" ezremote:owner_id="14" ezremote:class_id="28" ezremote:published="Sun, 16 May 2010 06:30:48 GMT" ezremote:modified="Mon, 02 Aug 2010 05:44:34 GMT" remote_id="264dfc062d4ddb251e206749f23d9b50" class_remote_id="637d58bfddf164627bdfd265733280a0" ezremote:class_identifier="file" ezremote:always_available="0" initial_language="eng-GB">
      <ezobject:version-list xmlns:ezobject="http://ez.no/object/" active_version="2">
        <ezobject:version xmlns:ezremote="http://ez.no/ezobject" ezremote:version="2" ezremote:status="1" ezremote:created="Mon, 02 Aug 2010 05:44:25 GMT" ezremote:modified="Mon, 02 Aug 2010 05:44:34 GMT" initial_language="eng-GB">
          <ezobject:object-translation language="eng-GB" object_name="PDF Catalogue Customization">
            <ezobject:attribute xmlns:ezremote="http://ez.no/ezobject" ezremote:id="1232" ezremote:identifier="name" name="Name" type="ezstring">
              <text>PDF Catalogue Customization</text>
            </ezobject:attribute>
            <ezobject:attribute xmlns:ezremote="http://ez.no/ezobject" ezremote:id="1233" ezremote:identifier="description" name="Description" type="ezxmltext">
              <section xmlns:image="http://ez.no/namespaces/ezpublish3/image/" xmlns:xhtml="http://ez.no/namespaces/ezpublish3/xhtml/" xmlns:custom="http://ez.no/namespaces/ezpublish3/custom/">
                <paragraph>PDF Catalogue Customization</paragraph>
              </section>
            </ezobject:attribute>
            <ezobject:attribute xmlns:ezremote="http://ez.no/ezobject" ezremote:id="1234" ezremote:identifier="file" name="File" type="ezbinaryfile">
              <binary-file filesize="253089" filename="19ded85bbb403d069a796c350dc1f6c7.pdf" original-filename="PDF Catalogue Customization.pdf" mime-type="application/pdf" filekey="853382bc0e05ed23f58706e55c3c9caa"/>
            </ezobject:attribute>
            <ezobject:attribute xmlns:ezremote="http://ez.no/ezobject" ezremote:id="1235" ezremote:identifier="tags" name="Tags" type="ezkeyword">
              <keyword-string></keyword-string>
            </ezobject:attribute>
          </ezobject:object-translation>
          <ezobject:node-assignment-list>
            <node-assignment is-main-node="1" parent-node-remote-id="a091867e01bef0dc02f54edee87adc07" name="PDF Catalogue Customization" node-id="223" remote-id="ac0cf4d0053850f9862747943a89fdee" sort-field="path" sort-order="1" priority="0"/>
          </ezobject:node-assignment-list>
        </ezobject:version>
      </ezobject:version-list>
    </ezremote:object>
  </object-list>
  <site-access-list>
    <site-access>site_admin</site-access>
  </site-access-list>
  <top-node-list>
    <top-node node-id="209" remote-id="4cff9ca2537b1a524670da6eda0a79e8">Personal PDF Catalogue</top-node>
    <top-node node-id="212" remote-id="833bb665acf49786cb4f2eb39038d445">PDF Documents</top-node>
    <top-node node-id="218" remote-id="a091867e01bef0dc02f54edee87adc07">PDF Files</top-node>
  </top-node-list>
</content-object>
