<?xml version="1.0" encoding="utf-8" ?>
<software>
    <metadata>
        <name>ezperformancelogger</name>
        <version>0.3.0</version>
        <copyright>Copyright (C) 2010-2012 Gaetano Giunta</copyright>
        <license>GNU General Public License v2.0</license>
    </metadata>

    <dependencies>
        <extends>
            <extension name="ezwebin" />
        </extends>
        <requires>
            <extension name="ggwebservices" />
        </requires>
        <uses>
            <extension name="ezsnmpd" />
        </uses>
    </dependencies>

</software>
