<?xml version="1.0" encoding="utf-8" ?>
<software>
    <metadata>
        <name>eZeasyrec</name>
        <version>0.1</version>
        <copyright>Copyright (C) 1999-2010 eZ Systems AS / O.Portier op@ez.no</copyright>
        <license>GNU General Public License v2.0</license>
    	<software>
            <uses>
                <name>easyrec</name>
                <license>Apache License, Version 2.0</license>
                <copyright>Copyright (c) 2010, The easyrec team</copyright>
                <info_url><a href='http://www.easyrec.org'>http://www.easyrec.org</a></info_url>
                <version>v0.95</version>
            </uses>
        </software>

    </metadata>

    <dependencies>
        <requires>
            <extension name="ezstarrating" />
            <extension name="ezwebin" />
        </requires>
        <extends>
            <extension name="ezstarrating" />
            <extension name="ezflow" />
        </extends>
    </dependencies>

</software>