<tiltviewergallery><photos><photo imageurl="/var/ezwebin_site/storage/images/galleri/fisk-1/1186-1-eng-GB/Fisk-1_medium.jpg" showFlipButton="true" linkurl="/var/ezwebin_site/storage/images/galleri/fisk-1/1186-1-eng-GB/Fisk-1_large.jpg"><title>Fisk 1</title><description><![CDATA[]]></description></photo><photo imageurl="/var/ezwebin_site/storage/images/galleri/fisk-2/1190-1-eng-GB/Fisk-2_medium.jpg" showFlipButton="true" linkurl="/var/ezwebin_site/storage/images/galleri/fisk-2/1190-1-eng-GB/Fisk-2_large.jpg"><title>Fisk 2</title><description><![CDATA[<p>Caption </p>]]></description></photo><photo imageurl="/var/ezwebin_site/storage/images/galleri/fisk-3/1194-1-eng-GB/Fisk-3_medium.jpg" showFlipButton="true" linkurl="/var/ezwebin_site/storage/images/galleri/fisk-3/1194-1-eng-GB/Fisk-3_large.jpg"><title>Fisk 3</title><description><![CDATA[<p>Caption gitt</p>]]></description></photo><photo imageurl="/var/ezwebin_site/storage/images/galleri/fisk-4/1198-1-eng-GB/Fisk-4_medium.jpg" showFlipButton="true" linkurl="/var/ezwebin_site/storage/images/galleri/fisk-4/1198-1-eng-GB/Fisk-4_large.jpg"><title>Fisk 4</title><description><![CDATA[]]></description></photo><photo imageurl="/var/ezwebin_site/storage/images/galleri/fisk-5/1202-1-eng-GB/Fisk-5_medium.jpg" showFlipButton="true" linkurl="/var/ezwebin_site/storage/images/galleri/fisk-5/1202-1-eng-GB/Fisk-5_large.jpg"><title>Fisk 5</title><description><![CDATA[]]></description></photo><photo imageurl="/var/ezwebin_site/storage/images/galleri/fisk-6/1206-1-eng-GB/Fisk-6_medium.jpg" showFlipButton="true" linkurl="/var/ezwebin_site/storage/images/galleri/fisk-6/1206-1-eng-GB/Fisk-6_large.jpg"><title>Fisk 6</title><description><![CDATA[]]></description></photo><photo imageurl="/var/ezwebin_site/storage/images/galleri/fisk-8/1210-1-eng-GB/Fisk-8_medium.jpg" showFlipButton="true" linkurl="/var/ezwebin_site/storage/images/galleri/fisk-8/1210-1-eng-GB/Fisk-8_large.jpg"><title>Fisk 8</title><description><![CDATA[]]></description></photo><photo imageurl="/var/ezwebin_site/storage/images/galleri/fisk-7/1214-1-eng-GB/Fisk-7_medium.jpg" showFlipButton="true" linkurl="/var/ezwebin_site/storage/images/galleri/fisk-7/1214-1-eng-GB/Fisk-7_large.jpg"><title>Fisk 7</title><description><![CDATA[]]></description></photo><photo imageurl="/var/ezwebin_site/storage/images/galleri/fisk-72/1214-1-eng-GB/Fisk-7_medium.jpg" showFlipButton="true" linkurl="/var/ezwebin_site/storage/images/galleri/fisk-72/1214-1-eng-GB/Fisk-7_large.jpg"><title>Fisk 7</title><description><![CDATA[]]></description></photo><photo imageurl="/var/ezwebin_site/storage/images/galleri/fisk-32/1194-1-eng-GB/Fisk-3_medium.jpg" showFlipButton="true" linkurl="/var/ezwebin_site/storage/images/galleri/fisk-32/1194-1-eng-GB/Fisk-3_large.jpg"><title>Fisk 3</title><description><![CDATA[<p>Caption gitt</p>]]></description></photo><photo imageurl="/var/ezwebin_site/storage/images/galleri/fisk-82/1210-1-eng-GB/Fisk-8_medium.jpg" showFlipButton="true" linkurl="/var/ezwebin_site/storage/images/galleri/fisk-82/1210-1-eng-GB/Fisk-8_large.jpg"><title>Fisk 8</title><description><![CDATA[]]></description></photo><photo imageurl="/var/ezwebin_site/storage/images/galleri/fisk-83/1210-1-eng-GB/Fisk-8_medium.jpg" showFlipButton="true" linkurl="/var/ezwebin_site/storage/images/galleri/fisk-83/1210-1-eng-GB/Fisk-8_large.jpg"><title>Fisk 8</title><description><![CDATA[]]></description></photo><photo imageurl="/var/ezwebin_site/storage/images/galleri/fisk-62/1206-1-eng-GB/Fisk-6_medium.jpg" showFlipButton="true" linkurl="/var/ezwebin_site/storage/images/galleri/fisk-62/1206-1-eng-GB/Fisk-6_large.jpg"><title>Fisk 6</title><description><![CDATA[]]></description></photo></photos></tiltviewergallery>