<?xml version="1.0" encoding="utf-8" ?>
<software>
    <metadata>
        <name>CJW Newsletter - Multi Channel Marketing</name>
        <version>2.0.0.201308160914</version>
        <copyright>Copyright (C) 2012 CJW Network</copyright>
        <license>GNU General Public License v2.0</license>
        <info_url>http://projects.ez.no/cjw_newsletter</info_url>
    </metadata>

    <dependencies>
        <extends>
            <extension name="ezwt" />
        </extends>
    </dependencies>

</software>
