<?xml version="1.0" encoding="UTF-8"?> 
<java version="1.5.0_08" class="java.beans.XMLDecoder"> 
 <object class="fr.smile.ezpublish.extension.models.operators.Extension"> 
  <void property="name"> 
   <string>cjw_contexthelp</string> 
  </void> 
  <void property="operators"> 
   <object class="java.util.Vector"> 
    <void method="add"> 
     <object class="fr.smile.ezpublish.extension.models.operators.Operator"> 
      <void property="name"> 
       <string>cjw_contexthelp_class</string> 
      </void> 
      <void property="parameters"> 
       <object class="java.util.Vector"> 
        <void method="add"> 
         <object class="fr.smile.ezpublish.extension.models.operators.Parameter"> 
          <void property="defaultValue"> 
           <string>&apos;all&apos;</string> 
          </void> 
          <void property="name"> 
           <string>classIdentifier</string> 
          </void> 
         </object> 
        </void> 
        <void method="add"> 
         <object class="fr.smile.ezpublish.extension.models.operators.Parameter"> 
          <void property="defaultValue"> 
           <string>&apos;false&apos;</string> 
          </void> 
          <void property="name"> 
           <string>asObject</string> 
          </void> 
         </object> 
        </void> 
        <void method="add"> 
         <object class="fr.smile.ezpublish.extension.models.operators.Parameter"> 
          <void property="defaultValue"> 
           <string>&apos;false&apos;</string> 
          </void> 
          <void property="name"> 
           <string>containerNodeId</string> 
          </void> 
         </object> 
        </void> 
       </object> 
      </void> 
     </object> 
    </void> 
    <void method="add"> 
     <object class="fr.smile.ezpublish.extension.models.operators.Operator"> 
      <void property="name"> 
       <string>cjw_contexthelp_available_attributes</string> 
      </void> 
      <void property="parameters"> 
       <object class="java.util.Vector"> 
        <void method="add"> 
         <object class="fr.smile.ezpublish.extension.models.operators.Parameter"> 
          <void property="defaultValue"> 
           <string>&apos;&apos;</string> 
          </void> 
          <void property="name"> 
           <string>help_class_node_id</string> 
          </void> 
          <void property="required"> 
           <boolean>true</boolean> 
          </void> 
         </object> 
        </void> 
       </object> 
      </void> 
     </object> 
    </void> 
    <void method="add"> 
     <object class="fr.smile.ezpublish.extension.models.operators.Operator"> 
      <void property="name"> 
       <string>cjw_contexthelp_available_classes</string> 
      </void> 
      <void property="parameters"> 
       <object class="java.util.Vector"> 
        <void method="add"> 
         <object class="fr.smile.ezpublish.extension.models.operators.Parameter"> 
          <void property="defaultValue"> 
           <string>&apos;&apos;</string> 
          </void> 
          <void property="name"> 
           <string>help_container_node_id</string> 
          </void> 
          <void property="required"> 
           <boolean>true</boolean> 
          </void> 
         </object> 
        </void> 
       </object> 
      </void> 
     </object> 
    </void> 
   </object> 
  </void> 
 </object> 
</java> 
