<?xml version="1.0" encoding="utf-8" ?>
<software>
    <metadata>
        <name>ezperformancelogger</name>
        <version>0.7.0</version>
        <copyright>Copyright (C) 2010-2012 Gaetano Giunta</copyright>
        <license>GNU General Public License v2.0</license>
        <info_url>http://projects.ez.no/ezperformancelogger</info_url>

        <software>
            <uses>
                <name>XHProf</name>
                <license>Apache License, Version 2.0</license>
                <copyright>Facebook, Inc.</copyright>
                <info_url>http://pecl.php.net/package/xhprof</info_url>
                <version>0.9.2</version>
            </uses>
        </software>

    </metadata>

    <dependencies>
        <requires>
            <extension name="ezjscore" />
        </requires>
    </dependencies>

</software>
