<?xml version = '1.0' encoding = 'UTF-8'?>
<eZXMLImporter>
    <ProccessInformation comment="Creating Newsletter section" />
    <CreateSection sectionName="Newsletter" navigationPart="nvnewsletter" referenceID="SECTION_NEWSLETTER" />
    <ProccessInformation comment="Creating Newsletter demo content class" />
    <CreateClass>
        <ContentClass isContainer="true" identifier="newsletter_demo" objectNamePattern="&lt;name&gt;" urlAliasPattern="" classExistAction="extend" referenceID="CLASS_NEWSLETTER_DEMO">
            <Names eng-GB="Newsletter Demo" always-available="eng-GB" />
            <Groups>
                <Group name="Newsletter" />
            </Groups>
            <Attributes>
                <Attribute datatype="ezstring" required="true" searchable="true" informationCollector="false" translatable="true" identifier="name" placement="1">
                    <Names eng-GB="Name" always-available="eng-GB" />
                    <DatatypeParameters>
                        <max-length>150</max-length>
                        <default-string />
                    </DatatypeParameters>
                </Attribute>
                <Attribute datatype="eztext" required="false" searchable="true" informationCollector="false" translatable="true" identifier="plain_text_content" placement="2">
                    <Names eng-GB="Plain text content" always-available="eng-GB" />
                    <DatatypeParameters>
                        <text-column-count>10</text-column-count>
                    </DatatypeParameters>
                </Attribute>
                <Attribute datatype="ezxmltext" required="true" searchable="true" informationCollector="false" translatable="true" identifier="description" placement="3">
                    <Names eng-GB="HTML content" always-available="eng-GB" />
                    <DatatypeParameters>
                        <text-column-count>10</text-column-count>
                    </DatatypeParameters>
                </Attribute>
                <Attribute datatype="ezimage" required="false" searchable="false" informationCollector="false" translatable="true" identifier="image" placement="4">
                    <Names eng-GB="Image" always-available="eng-GB" />
                    <DatatypeParameters>
                        <max-size>0</max-size>
                    </DatatypeParameters>
                </Attribute>
                <Attribute datatype="nvnewslettergroups" required="true" searchable="false" informationCollector="false" translatable="true" identifier="groups_data" placement="5">
                    <Names eng-GB="Groups" always-available="eng-GB" />
                </Attribute>
                <Attribute datatype="nvnewslettersender" required="true" searchable="false" informationCollector="false" translatable="true" identifier="sender_data" placement="6">
                    <Names eng-GB="Sender" always-available="eng-GB" />
                </Attribute>
                <Attribute datatype="nvnewslettersiteselect" required="true" searchable="false" informationCollector="false" translatable="true" identifier="site_selection" placement="7">
                    <Names eng-GB="Site selection" always-available="eng-GB" />
                </Attribute>
            </Attributes>
        </ContentClass>
    </CreateClass>
    <ProccessInformation comment="Creating Newsletter folder in media section" />
    <CreateContent parentNode="43">
        <ContentObject contentClass="folder" section="internal:SECTION_NEWSLETTER" remoteID="nvnewsletter_newsletter_media">
            <Attributes>
                <name>Newsletter</name>
                <short_name>Newsletter</short_name>
            </Attributes>
            <SetReference attribute="object_id" value="NEWSLETTER_ROOT" />
            <SetReference attribute="node_id" value="NEWSLETTER_ROOT_NODE" />
        </ContentObject>
    </CreateContent>
    <ProccessInformation comment="Creating/updating ini-files in settings/override" />
    <SetSettings>
        <SettingsFile name="override.ini" location="settings/override">
            <SettingsBlock name="nvnewsletter_edit">
                <Source>content/edit.tpl</Source>
                <MatchFile>edit/newsletter.tpl</MatchFile>
                <Subdir>templates</Subdir>
                <Match>
                    <value key="section">[internal:SECTION_NEWSLETTER]</value>
                </Match>
            </SettingsBlock>
            <SettingsBlock name="nvnewsletter_versionview">
                <Source>content/view/versionview.tpl</Source>
                <MatchFile>versionview/newsletter.tpl</MatchFile>
                <Subdir>templates</Subdir>
                <Match>
                    <value key="section">[internal:SECTION_NEWSLETTER]</value>
                </Match>
            </SettingsBlock>
        </SettingsFile>
        <SettingsFile name="nvnewsletter.ini" location="settings/override">
            <SettingsBlock name="ContentClassSettings">
                <NewsletterClassGroup>5</NewsletterClassGroup>
                <NewsletterSection>[internal:SECTION_NEWSLETTER]</NewsletterSection>
                <NewsletterNodeID>[internal:NEWSLETTER_ROOT_NODE]</NewsletterNodeID>
            </SettingsBlock>
            <SettingsBlock name="HashSettings">
                <UserHash>ae877fdc0813f6dd65465d4de126bb5811df56dc375b40cec16d5e2a93828161</UserHash>
                <FileHash>cc2bd8f09bb88b5dd20f9b432631b8caec7def57dec4a30186c02138b6e831f3</FileHash>
            </SettingsBlock>
            <SettingsBlock name="SiteSettings">
                <SiteURL>
                    <value></value>
                </SiteURL>
            </SettingsBlock>
        </SettingsFile>
    </SetSettings>
    <ProccessInformation comment="All done! Please check NewsletterClassGroup, UserHash, FileHash and SiteURL settings in settings/override/nvnewsletter.ini.append.php" />
</eZXMLImporter>
