<?xml version="1.0" encoding="utf-8" ?>
<software>
    <metadata>
        <name>eZPlanet</name>
        <version>1.0.0</version>
        <copyright>Copyright (c) 2008-2012 Guillaume Kulakowski and contributors</copyright>
        <license>GNU General Public License v2.0</license>
        <info_url>http://projects.llaumgui.com/p/ezplanet/</info_url>

        <software>
        </software>
    </metadata>

    <dependencies>
        <requires>
            <extension name="eztidy" />
        </requires>
    </dependencies>

</software>
