<?xml version="1.0" encoding="UTF-8" ?>
<schema name="example" version="1.2">

    <types>
        <!-- ngsuggest -->
        <fieldType name="text4suggest" class="solr.TextField" positionIncrementGap="100">
          <analyzer type="index">
            <tokenizer class="solr.WhitespaceTokenizerFactory"/>
            <filter class="solr.StopFilterFactory" ignoreCase="true" words="stopwords.txt" enablePositionIncrements="true" />
            <filter class="solr.WordDelimiterFilterFactory" generateWordParts="1" generateNumberParts="1" catenateWords="0" catenateNumbers="0" catenateAll="0" splitOnCaseChange="1"/>
            <filter class="solr.LowerCaseFilterFactory"/>
          </analyzer>
          <analyzer type="query">
            <tokenizer class="solr.WhitespaceTokenizerFactory"/>
            <filter class="solr.WordDelimiterFilterFactory" generateWordParts="1" generateNumberParts="1" catenateWords="0" catenateNumbers="0" catenateAll="0" splitOnCaseChange="1"/>
            <filter class="solr.LowerCaseFilterFactory"/>
          </analyzer>
        </fieldType>
    </types>

    <fields>
        <!-- ngsuggest -->
        <field name="ngsuggest_text" type="text4suggest"    indexed="true"  stored="true" multiValued="true" termVectors="true"/>
    </fields>

    <!-- ngsuggest -->
    <copyField source="attr_*" dest="ngsuggest_text"/>
    <copyField source="meta_name_s" dest="ngsuggest_text"/>
    <copyField source="meta_url_alias_s" dest="ngsuggest_text"/>

</schema>
