<?xml version="1.0"?>

<!DOCTYPE MODE SYSTEM "xmode.dtd">

<!--
	ini Mode by Nathan Kelly, addapted for EzPublish ini files .ini, .ini.append, .ini.append.php
	I know this file is large, this is due to the nature of EzPublish ini structure, its basically
	a text file that follows very few code conventions. As a result this mode mostly uses keyword match
	for syntax highlighting. This also means there is a lot of back tracking to undo unneeded highlights.
	
	If you need to contact me [nathan@infiniteeye.com.au] no spam please.
-->

<MODE>
	<PROPS>
		<PROPERTY NAME="lineComment" VALUE="#" />
		<PROPERTY NAME="lineBreakChars" VALUE="\n" />
	</PROPS>
	
	<RULES HIGHLIGHT_DIGITS="TRUE">
	
		<!-- This SPAN must sit above the EOL_SPAN containing the # character, otherwise the #?ini string
		will inherit the COMMENT1 token type not the LABEL token type and thats not what we want. -->
		<SPAN TYPE="LABEL">
			<BEGIN>#?ini</BEGIN>
			<END>?</END>
		</SPAN>
		
		<MARK_FOLLOWING TYPE="LITERAL2" EXCLUDE_MATCH="TRUE">=#</MARK_FOLLOWING>
		
		<EOL_SPAN TYPE="COMMENT1">#</EOL_SPAN>
	
		<SEQ TYPE="MARKUP">&lt;?php</SEQ>
		<SEQ TYPE="MARKUP">?&gt;</SEQ>	
		<SEQ TYPE="COMMENT1">/*</SEQ>
		<SEQ TYPE="COMMENT1">*/</SEQ>
		
		<!-- Markup tags to handle any HTML within strings -->
		<SPAN TYPE="MARKUP" DELEGATE="EZTAGS">
			<BEGIN>&lt;</BEGIN>
			<END>&gt;</END>
		</SPAN>
		
	</RULES>
	
	<RULES SET="EZTAGS" DEFAULT="MARKUP">
	
		<SPAN TYPE="LITERAL1">
			<BEGIN>"</BEGIN>
			<END>"</END>
		</SPAN>

		<SPAN TYPE="LITERAL1">
			<BEGIN>'</BEGIN>
			<END>'</END>
		</SPAN>

	</RULES>

	<RULES IGNORE_CASE="FALSE" HIGHLIGHT_DIGITS="TRUE">
		
	<!-- Stop highlighting when keywords are used in a string such as 
	(AdditionalSiteDesignList[]=plain | standard;user;admin;demo etc.)
	These must be placed above the General Operators like (= , / ; etc.) to avoid highlighting -->
	
		<MARK_FOLLOWING TYPE="NULL">/</MARK_FOLLOWING>
		<MARK_FOLLOWING TYPE="NULL">;</MARK_FOLLOWING>
		<MARK_FOLLOWING TYPE="NULL">,</MARK_FOLLOWING>
		<MARK_FOLLOWING TYPE="NULL">.</MARK_FOLLOWING>
		
	<!-- Custom taglist highlighter -->
		<MARK_FOLLOWING TYPE="KEYWORD2">TagList_</MARK_FOLLOWING>
		
	<!-- This still needs work, SEQ_REGEXP? -->
		<SEQ TYPE="NULL">=Content</SEQ>
		<SEQ TYPE="NULL">=Media</SEQ>
		<SEQ TYPE="NULL">=User</SEQ>
		<SEQ TYPE="NULL">=Setup</SEQ>
		<SEQ TYPE="NULL">=Type</SEQ>
		<SEQ TYPE="NULL">=Display</SEQ>
		<SEQ TYPE="NULL">=plain</SEQ>
		<SEQ TYPE="NULL">content/search</SEQ>
		
		<SEQ TYPE="NULL"> class</SEQ>			<SEQ TYPE="NULL">Class </SEQ>
		<SEQ TYPE="NULL"> content</SEQ>
		<SEQ TYPE="NULL"> custom</SEQ>
		<SEQ TYPE="NULL"> object</SEQ>
		<SEQ TYPE="NULL"> true</SEQ>
		<SEQ TYPE="NULL"> false</SEQ>
		<SEQ TYPE="NULL"> list</SEQ>			<SEQ TYPE="NULL">list </SEQ>
		<SEQ TYPE="NULL"> text</SEQ>
		<SEQ TYPE="NULL"> tree</SEQ>
		<SEQ TYPE="NULL"> search</SEQ>
		
	<!-- General Operators -->
		<SEQ TYPE="NULL">=</SEQ>
		<SEQ TYPE="NULL">-</SEQ>
		<SEQ TYPE="NULL">+</SEQ>
		<SEQ TYPE="NULL">.</SEQ>
		<SEQ TYPE="NULL">,</SEQ>
		<SEQ TYPE="NULL">:</SEQ>
		<SEQ TYPE="OPERATOR">|</SEQ>
		
		<SPAN TYPE="OPERATOR" DELEGATE="EZINI">
			<BEGIN>[</BEGIN>
			<END>]</END>
		</SPAN>
		
	<!-- This is to make sure the correct syntax is used when highlighting KEYWORDs that are also LITERALS
	for example: "sort_by=published" and "Parameter[sort_by]=sort_by" this means if "sort_by" is positioned
	before the "=" symbol it is a KEYWORD, otherwise it is treated as a LITERAL. Confusing huh? ;) -->
	
		<SEQ_REGEXP HASH_CHAR="s" TYPE="KEYWORD2">sort_by(?==)</SEQ_REGEXP>
		<SEQ_REGEXP HASH_CHAR="l" TYPE="KEYWORD2">limit(?==)</SEQ_REGEXP>
		<SEQ_REGEXP HASH_CHAR="t" TYPE="KEYWORD2">text(?==)</SEQ_REGEXP>
		<SEQ_REGEXP HASH_CHAR="t" TYPE="KEYWORD2">title(?==)</SEQ_REGEXP>
		
		<!-- Another complex regexp that needs fixing...
		<SEQ_REGEXP HASH_CHAR="[" TYPE="MARKUP">(&lt;[[:alpha:]]&gt;[,&lt;[[:alpha:]]&gt;])</SEQ_REGEXP>
		-->

		<SEQ TYPE="LITERAL3">event_ezapprove</SEQ>
		<SEQ TYPE="LITERAL3">event_ezwaituntildate</SEQ>
		<SEQ TYPE="LITERAL3">event_ezsimpleshipping</SEQ>
		<SEQ TYPE="LITERAL3">event_ezmultiplexer</SEQ>
		<SEQ TYPE="LITERAL3">event_ezpaymentgateway</SEQ>
		
	<!-- debug.ini -->
		<!-- GeneralCondition -->
		<SEQ TYPE="KEYWORD2">kernel-content-object-copy</SEQ>
		<SEQ TYPE="KEYWORD2">workflow-event</SEQ>
		<SEQ TYPE="KEYWORD2">workflow-process</SEQ>
		<SEQ TYPE="KEYWORD2">workflow-type</SEQ>
		<SEQ TYPE="KEYWORD2">module-run</SEQ>
		<SEQ TYPE="KEYWORD2">kernel-content-view</SEQ>
		<SEQ TYPE="KEYWORD2">kernel-content-view-cache</SEQ>
		<SEQ TYPE="KEYWORD2">kernel-content-class</SEQ>
		<SEQ TYPE="KEYWORD2">kernel-urltranslator</SEQ>
		<SEQ TYPE="KEYWORD2">kernel-search-ezsearch</SEQ>
		<SEQ TYPE="KEYWORD2">kernel-search-openfts</SEQ>
		<SEQ TYPE="KEYWORD2">kernel-content-treenode</SEQ>
		<SEQ TYPE="KEYWORD2">kernel-content-object-related-objects</SEQ>
		<SEQ TYPE="KEYWORD2">kernel-content-object-limitation</SEQ>
		<SEQ TYPE="KEYWORD2">kernel-policy-limitation</SEQ>
		<SEQ TYPE="KEYWORD2">kernel-role-edit</SEQ>
		<SEQ TYPE="KEYWORD2">collaboration-group-tree</SEQ>
		<SEQ TYPE="KEYWORD2">collaboration-item-list</SEQ>
		<SEQ TYPE="KEYWORD2">kernel-siteaccess</SEQ>
		<SEQ TYPE="KEYWORD2">kernel-db-postgresql</SEQ>
		<SEQ TYPE="KEYWORD2">lib-ezutil-web</SEQ>
		<SEQ TYPE="KEYWORD2">kernel-workflow-approve</SEQ>
		<SEQ TYPE="KEYWORD2">eztemplate-tree-cache</SEQ>
		<SEQ TYPE="KEYWORD2">eztemplate-compile</SEQ>
		<SEQ TYPE="KEYWORD2">lib-ezutils-dir</SEQ>
		<SEQ TYPE="KEYWORD2">kernel-user</SEQ>
		<SEQ TYPE="KEYWORD2">kernel-content-edit</SEQ>
		<SEQ TYPE="KEYWORD2">kernel-notification</SEQ>
		<SEQ TYPE="KEYWORD2">i18n-tstranslator</SEQ>
		<SEQ TYPE="KEYWORD2">ezfile-create</SEQ>
		<SEQ TYPE="KEYWORD2">lib-ezfile-openclose</SEQ>
		<SEQ TYPE="KEYWORD2">lib-ezfile-readwrite</SEQ>
		<SEQ TYPE="KEYWORD2">lib-ezfile-seek</SEQ>
		<SEQ TYPE="KEYWORD2">lib-ezfile-copy</SEQ>
		<SEQ TYPE="KEYWORD2">lib-ezfile-openclose</SEQ>
		<SEQ TYPE="KEYWORD2">lib-ezfile-readwrite</SEQ>
		<SEQ TYPE="KEYWORD2">lib-ezfile-copy</SEQ>
		<SEQ TYPE="KEYWORD2">lib-ezfile-gziplibz</SEQ>
		<SEQ TYPE="KEYWORD2">kernel-ezpackage-store</SEQ>
		<SEQ TYPE="KEYWORD2">lib-ezimage-shell</SEQ>
		<SEQ TYPE="KEYWORD2">lib-dbschema-transformation</SEQ>
		
		<KEYWORDS>
		
	<!-- START GENERAL LITERAL VALUES -->
	
			<LITERAL1>enabled</LITERAL1>
			<LITERAL1>disabled</LITERAL1>
			<LITERAL1>false</LITERAL1>
			<LITERAL1>true</LITERAL1>
			<LITERAL1>yes</LITERAL1>
			<LITERAL1>no</LITERAL1>
			
	<!-- datatypes -->
			<LITERAL3>ezstring</LITERAL3>
			<LITERAL3>eztext</LITERAL3>
			<LITERAL3>ezxmltext</LITERAL3>
			<LITERAL3>ezdate</LITERAL3>
			<LITERAL3>ezdatetime</LITERAL3>
			<LITERAL3>eztime</LITERAL3>
			<LITERAL3>ezboolean</LITERAL3>
			<LITERAL3>ezinteger</LITERAL3>
			<LITERAL3>ezfloat</LITERAL3>
			<LITERAL3>ezenum</LITERAL3>
			<LITERAL3>ezobjectrelation</LITERAL3>
			<LITERAL3>ezobjectrelationlist</LITERAL3>
			<LITERAL3>ezimage</LITERAL3>
			<LITERAL3>ezbinaryfile</LITERAL3>
			<LITERAL3>ezmedia</LITERAL3>
			<LITERAL3>ezauthor</LITERAL3>
			<LITERAL3>ezurl</LITERAL3>
			<LITERAL3>ezemail</LITERAL3>
			<LITERAL3>ezoption</LITERAL3>
			<LITERAL3>ezmultioption</LITERAL3>
			<LITERAL3>ezrangeoption</LITERAL3>
			<LITERAL3>ezprice</LITERAL3>
			<LITERAL3>ezuser</LITERAL3>
			<LITERAL3>ezisbn</LITERAL3>
			<LITERAL3>ezkeyword</LITERAL3>
			<LITERAL3>ezsubtreesubscription</LITERAL3>
			<LITERAL3>ezmatrix</LITERAL3>
			<LITERAL3>ezselection</LITERAL3>
			<LITERAL3>ezidentifier</LITERAL3>
			<LITERAL3>ezinisetting</LITERAL3>
			<LITERAL3>ezpackage</LITERAL3>
			
			<LITERAL3>ezcontentnavigationpart</LITERAL3>
			<LITERAL3>ezmedianavigationpart</LITERAL3>
			<LITERAL3>ezusernavigationpart</LITERAL3>
			<LITERAL3>ezshopnavigationpart</LITERAL3>
			<LITERAL3>ezvisualnavigationpart</LITERAL3>
			<LITERAL3>ezsetupnavigationpart</LITERAL3>
			<LITERAL3>ezmynavigationpart</LITERAL3>
			<LITERAL3>ezcustomnavigationpart</LITERAL3>
			
			<LITERAL3>ezgeneral</LITERAL3>
			<LITERAL3>ezadvanced</LITERAL3>
			<LITERAL3>ezpublish</LITERAL3>
			<LITERAL3>eznewcontent</LITERAL3>
			<LITERAL3>ezcurrenttime</LITERAL3>
			<LITERAL3>ezcollaboration</LITERAL3>
			<LITERAL3>ezgeneraldigest</LITERAL3>
			<LITERAL3>ezcollaborationnotification</LITERAL3>
			<LITERAL3>ezsubtree</LITERAL3>
			<LITERAL3>ezsimpledigest</LITERAL3>
			
			<LITERAL3>ezcontentclass</LITERAL3>
			<LITERAL3>ezcontentobject</LITERAL3>
			<LITERAL3>eziniaddon</LITERAL3>
			<LITERAL3>ezfile</LITERAL3>
			<LITERAL3>ezdb</LITERAL3>
			<LITERAL3>ezstyle</LITERAL3>
				
			<LITERAL3>ezdefault</LITERAL3>
			<LITERAL3>eztest</LITERAL3>
			<LITERAL3>ezsimplified</LITERAL3>
			<LITERAL3>ezxhtml</LITERAL3>
			<LITERAL3>ezplain</LITERAL3>

			<LITERAL3>ezmysql</LITERAL3>
			<LITERAL3>ezpostgresql</LITERAL3>
			<LITERAL3>eZSESSID</LITERAL3>
			
			<LITERAL3>clear_object_caches_only</LITERAL3>
			<LITERAL3>clear_object_and_parent_nodes_caches</LITERAL3>
			<LITERAL3>clear_object_and_relating_objects_caches</LITERAL3>
			<LITERAL3>clear_parent_nodes_caches_only</LITERAL3>
			<LITERAL3>clear_parent_nodes_and_relating_caches</LITERAL3>
			<LITERAL3>clear_relating_caches_only</LITERAL3>
			<LITERAL3>clear_keyword_caches_only</LITERAL3>
			<LITERAL3>clear_all_caches</LITERAL3>
			
	<!-- END GENERAL LITERALS -->
	
	<!-- START KEYWORDS -->

		<!-- admininterface.ini -->		
			<!-- AdditionalMenuSettings -->
			<KEYWORD2>ContextMenuTemplateArray</KEYWORD2>
			<KEYWORD2>SubitemsContextMenuTemplateArray</KEYWORD2>
			<KEYWORD2>SubMenuTemplateArray</KEYWORD2>
			
		<!-- binaryfile.ini -->		
			<!-- HandlerSettings -->
			<KEYWORD2>MetaDataExtractor</KEYWORD2>

			<!-- PDFHandlerSettings/WordHandlerSettings -->
			<KEYWORD2>TextExtractionTool</KEYWORD2>
			
		<!-- browse.ini -->		
			<!-- BrowseSettings -->
			<KEYWORD2>DefaultSelectionType</KEYWORD2>
			<KEYWORD2>DefaultReturnType</KEYWORD2>
			<KEYWORD2>DefaultActionName</KEYWORD2>
			<KEYWORD2>AliasList</KEYWORD2>
			<KEYWORD2>DefaultTopLevelNodes</KEYWORD2>
			<KEYWORD2>StartNode</KEYWORD2>
			<KEYWORD2>TopLevelNodes</KEYWORD2>
			<KEYWORD2>SelectionType</KEYWORD2>
			<KEYWORD2>ReturnType</KEYWORD2>
			<KEYWORD2>Class</KEYWORD2>
			<KEYWORD2>StartNode_classgroup</KEYWORD2>
			
		<!-- codetemplate.ini -->		
			<!-- Files -->
			<KEYWORD2>Templates</KEYWORD2>
			<KEYWORD2>PHPFiles</KEYWORD2>
			
		<!-- collaboration.ini -->		
			<!-- HandlerSettings -->
			<KEYWORD2>Extensions</KEYWORD2>
			<KEYWORD2>Repositories</KEYWORD2>
			<KEYWORD2>Active</KEYWORD2>
			
			<!-- ViewSettings -->
			<KEYWORD2>ViewList</KEYWORD2>
			<KEYWORD2>GroupViewList</KEYWORD2>			
			<!-- SummaryView -->
			<!-- ListGroupView -->
			
		<!-- collect.ini -->
			<!-- InfoSettings -->
			<KEYWORD2>Type</KEYWORD2>
			<KEYWORD2>TypeList</KEYWORD2>
			<KEYWORD2>TypeAttribute</KEYWORD2>
			
			<!-- EmailSettings -->
			<KEYWORD2>SendEmail</KEYWORD2>
			<KEYWORD2>SendEmailList</KEYWORD2>
			<KEYWORD2>SendEmailAttribute</KEYWORD2>
			
			<!-- DisplaySettings -->
			<KEYWORD2>Display</KEYWORD2>
			<KEYWORD2>DisplayList</KEYWORD2>
			<KEYWORD2>DisplayAttribute</KEYWORD2>
			<KEYWORD2>RedirectURL</KEYWORD2>
			<KEYWORD2>RedirectURLList</KEYWORD2>
			<KEYWORD2>RedirectURLAttribute</KEYWORD2>
			
			<!-- CollectionSettings -->
			<KEYWORD2>CollectAnonymousData</KEYWORD2>
			<KEYWORD2>CollectAnonymousDataList</KEYWORD2>
			<KEYWORD2>CollectAnonymousDataAttribute</KEYWORD2>
			<KEYWORD2>CollectionUserData</KEYWORD2>
			<KEYWORD2>CollectionUserDataList</KEYWORD2>
			<KEYWORD2>CollectionUserDataAttribute</KEYWORD2>
			
		<!-- content.ini -->
			<!-- VersionView -->
			<KEYWORD2>AvailableSiteDesigns</KEYWORD2>
			<KEYWORD2>AvailableSiteDesignList</KEYWORD2>
			<KEYWORD2>DefaultPreviewDesign</KEYWORD2>
			<KEYWORD2>AllowChangeButtons</KEYWORD2>
			<KEYWORD2>AllowVersionsButton</KEYWORD2>
			
			<!-- VersionManagement -->
			<KEYWORD2>DefaultVersionHistoryLimit</KEYWORD2>
			<KEYWORD2>VersionHistoryClass</KEYWORD2>
			<KEYWORD2>DeleteDrafts</KEYWORD2>
			
			<!-- ContentView -->
			<KEYWORD2>ShowEditButtons</KEYWORD2>
			
			
			<!-- DataTypeSettings -->
			<KEYWORD2>RepositoryDirectories</KEYWORD2>
			<KEYWORD2>ExtensionDirectories</KEYWORD2>
			<KEYWORD2>AvailableDataTypes</KEYWORD2>
			
			<!-- ActionSettings -->
			<KEYWORD2>ExtensionDirectories</KEYWORD2>
			
			<!-- CustomTagSettings -->
			<KEYWORD2>AvailableCustomTags</KEYWORD2>
			<KEYWORD2>IsInline</KEYWORD2>
			
			<!-- header -->
			<KEYWORD2>UseStrictHeaderRule</KEYWORD2>
			<KEYWORD2>AvailableClasses</KEYWORD2>

			<!-- NodeSettings -->
			<KEYWORD2>RootNode</KEYWORD2>
			<KEYWORD2>UserRootNode</KEYWORD2>
			<KEYWORD2>MediaRootNode</KEYWORD2>
			<KEYWORD2>SetupRootNode</KEYWORD2>
			<KEYWORD2>DesignRootNode</KEYWORD2>

			<!-- ClassSettings -->
			<KEYWORD2>DraftTimeout</KEYWORD2>
			<KEYWORD2>ApplyButton</KEYWORD2>

			<!-- RelationAssignmentSettings -->
			<KEYWORD2>DefaultAssignment</KEYWORD2>
			<KEYWORD2>ClassSpecificAssignment</KEYWORD2>
			
			<!-- RelationGroupSettings -->
			<KEYWORD2>Groups</KEYWORD2>
			<KEYWORD2>DefaultGroup</KEYWORD2>
			<KEYWORD2>ImagesClassList</KEYWORD2>
			<KEYWORD2>FilesClassList</KEYWORD2>

			<!-- ObjectRelationDataTypeSettings -->
			<KEYWORD2>ClassAttributeStartNode</KEYWORD2>

			<!-- UnpublishSettings -->
			<KEYWORD2>RootNodeList</KEYWORD2>
			<KEYWORD2>ClassList</KEYWORD2>

			<!-- HideSettings -->
			<KEYWORD2>HideDateAttributeList</KEYWORD2>

			<!-- ImageSettings -->
			<KEYWORD2>DefaultEditAlias</KEYWORD2>
			<KEYWORD2>DefaultEmbedAlias</KEYWORD2>


			<!-- MatrixComponentSettings -->
			<KEYWORD2>CompanyAddress</KEYWORD2>
			<KEYWORD2>PersonContactInfo</KEYWORD2>
			<KEYWORD2>CompanyContactInfo</KEYWORD2>

			<!-- ContentOverrideSettings -->
			<KEYWORD2>EnableClassGroupOverride</KEYWORD2>

			<!-- ClassGroupIDs -->
			<KEYWORD2>Content</KEYWORD2>
			<KEYWORD2>Users</KEYWORD2>
			<KEYWORD2>Media</KEYWORD2>
			<KEYWORD2>Setup</KEYWORD2>

			<!-- CopySettings -->
			<KEYWORD2>MaxNodesCopySubtree</KEYWORD2>
			<KEYWORD2>VersionHandling</KEYWORD2>
			<KEYWORD2>CreatorHandling</KEYWORD2>
			<KEYWORD2>TimeHandling</KEYWORD2>
			<KEYWORD2>ShowCopySubtreeNotification</KEYWORD2>
			<KEYWORD2>ClassRedirect</KEYWORD2>

			<!-- RSSImportSettings -->
			<KEYWORD2>DraftTimeout</KEYWORD2>
			
			<!-- RSSExportSettings -->
			<KEYWORD2>DraftTimeout</KEYWORD2>
			
			<!-- PDFExportSettings -->
			<KEYWORD2>DraftTimeout</KEYWORD2>
			
		<!-- contentstructuretreemenu.ini -->
			<!-- TreeMenu -->			
			<KEYWORD2>ShowClasses</KEYWORD2>
			<KEYWORD2>RootNodeID</KEYWORD2>
			<KEYWORD2>MaxDepth</KEYWORD2>
			<KEYWORD2>MaxNodes</KEYWORD2>
			<KEYWORD2>SortBy</KEYWORD2>
			<KEYWORD2>ToolTips</KEYWORD2>
			<KEYWORD2>ItemClickAction</KEYWORD2>
			<KEYWORD2>ClassIconsSize</KEYWORD2>
			<KEYWORD2>PreloadClassIcons</KEYWORD2>
			<KEYWORD2>AutoopenCurrentNode</KEYWORD2>
			<KEYWORD2>ChapterClasses</KEYWORD2>
			
		<!-- cronjob.ini -->
			<!-- CronjobSettings -->
			<KEYWORD2>ScriptDirectories</KEYWORD2>
			<KEYWORD2>Scripts</KEYWORD2>
			<KEYWORD2>ExtensionDirectories</KEYWORD2>
			
		<!-- datatype.ini -->
			<KEYWORD2>GroupedInput</KEYWORD2>
			
		<!-- datetime.ini -->
			<KEYWORD2>Formats</KEYWORD2>
			
		<!-- dbschema.ini -->
			<!-- SchemaSettings -->
			<KEYWORD2>SchemaPaths</KEYWORD2>
			<KEYWORD2>SchemaHandlerClasses</KEYWORD2>
			
			<!-- LintChecker -->
			<KEYWORD2>TableLimit</KEYWORD2>
			<KEYWORD2>FieldLimit</KEYWORD2>
			<KEYWORD2>IndexLimit</KEYWORD2>
			<KEYWORD2>IgnoredTables</KEYWORD2>
			<KEYWORD2>IgnoredFields</KEYWORD2>
			<KEYWORD2>IgnoredFieldSyntax</KEYWORD2>
			<KEYWORD2>IgnoredIndexes</KEYWORD2>
			<KEYWORD2>NameMap</KEYWORD2>
			
			<!-- mysql -->
			<KEYWORD2>IndexTranslation</KEYWORD2>
			
		<!-- debug.ini -->
			<!-- DebugSettings -->
			<KEYWORD2>ConditionDebug</KEYWORD2>

		<!-- design.ini -->
			<!-- ExtensionSettings -->
			<KEYWORD2>DesignExtensions</KEYWORD2>
			
			<!-- StylesheetSettings -->
			<KEYWORD2>SiteCSS</KEYWORD2>
			<KEYWORD2>ClassesCSS</KEYWORD2>
			<KEYWORD2>CSSFileList</KEYWORD2>
			
			<!-- JavaScriptSettings -->
			<KEYWORD2>JavaScriptList</KEYWORD2>
			
		<!-- error.ini -->
			<!-- ErrorSettings -->
			<KEYWORD2>DefaultErrorHandler</KEYWORD2>
			<KEYWORD2>DefaultRedirectURL</KEYWORD2>
			<KEYWORD2>DefaultRerunURL</KEYWORD2>
			<KEYWORD2>DefaultEmbedURL</KEYWORD2>
			<KEYWORD2>ErrorHandler</KEYWORD2>
			<KEYWORD2>RedirectURL</KEYWORD2>
			<KEYWORD2>RerunURL</KEYWORD2>
			<KEYWORD2>EmbedURL</KEYWORD2>
			<KEYWORD2>HTTPError</KEYWORD2>
			<KEYWORD2>HTTPName</KEYWORD2>
				
		<!-- extendedattributefilter.ini -->
			<!-- This is where you put your custom keywords -->
			
		<!-- ezxml.ini -->
			<!-- HandlerSettings -->
			<KEYWORD2>Repositories</KEYWORD2>
			<KEYWORD2>ExtensionRepositories</KEYWORD2>
			
			<!-- InputSettings/outputsettings -->
			<KEYWORD2>Handler</KEYWORD2>
			<KEYWORD2>Alias</KEYWORD2>
			
		<!-- fetchalias.ini -->
			<KEYWORD2>Module</KEYWORD2>
			<KEYWORD2>FunctionName</KEYWORD2>
			<KEYWORD2>Parameter</KEYWORD2>
			<KEYWORD2>Constant</KEYWORD2>
		
		<!-- file.ini -->
			<!-- <KEYWORD2>Handler</KEYWORD2> -->
			<KEYWORD2>Handlers</KEYWORD2>
			
		<!-- i18n.ini -->
			<!-- <KEYWORD2>Charset</KEYWORD2> -->
			<KEYWORD2>HTTPCharset</KEYWORD2>
			<KEYWORD2>MBStringExtension</KEYWORD2>
			
		<!-- icon.ini -->
			<KEYWORD2>Repository</KEYWORD2>
			<KEYWORD2>Theme</KEYWORD2>
			<KEYWORD2>Size</KEYWORD2>
			<KEYWORD2>Sizes</KEYWORD2>
			<KEYWORD2>MimeMap</KEYWORD2>
			<KEYWORD2>ClassMap</KEYWORD2>
			<KEYWORD2>ClassGroupMap</KEYWORD2>
			<KEYWORD2>IconMap</KEYWORD2>
			<KEYWORD2>ActionMap</KEYWORD2>
			<KEYWORD2>IconFormat</KEYWORD2>
			<KEYWORD2>DefaultIcon</KEYWORD2>

		<!-- image.ini -->
			<!-- GDSettings -->
			<KEYWORD2>HasGD2</KEYWORD2>

			<!-- FileSettings -->
			<KEYWORD2>TemporaryDir</KEYWORD2>
			<KEYWORD2>PublishedImages</KEYWORD2>
			<KEYWORD2>VersionedImages</KEYWORD2>
			<KEYWORD2>DirPermissions</KEYWORD2>
			<KEYWORD2>ImagePermissions</KEYWORD2>
			
			<!-- OutputSettings -->
			<KEYWORD2>AllowedOutputFormat</KEYWORD2>
			
			<!-- AliasSettings -->
			<KEYWORD2>AliasList</KEYWORD2>				
			<KEYWORD2>MIMEType</KEYWORD2>
			<KEYWORD2>Filters</KEYWORD2>
			<KEYWORD2>Reference</KEYWORD2>
			<KEYWORD2>OverrideList</KEYWORD2>
			<KEYWORD2>Quality</KEYWORD2>
			<KEYWORD2>ConversionRules</KEYWORD2>
			<KEYWORD2>OverrideMIMEType</KEYWORD2>
			<KEYWORD2>DisallowedFilters</KEYWORD2>
			<KEYWORD2>AllowedFilters</KEYWORD2>
			<KEYWORD2>ExtraFilters</KEYWORD2>

			<!-- ShellSettings -->
			<KEYWORD2>ConvertPath</KEYWORD2>
			
			<!-- ImageConverterSettings -->
			<KEYWORD2>RepositoryList</KEYWORD2>
			<KEYWORD2>ExtensionList</KEYWORD2>
			<KEYWORD2>ImageConverters</KEYWORD2>
			<KEYWORD2>ImageHandlerAlias</KEYWORD2>
			<KEYWORD2>IsEnabled</KEYWORD2>
			<KEYWORD2>ExecutablePath</KEYWORD2>
			<KEYWORD2>Executable</KEYWORD2>
			<KEYWORD2>ExecutableMac</KEYWORD2>
			<KEYWORD2>ExecutableUnix</KEYWORD2>
			<KEYWORD2>PreParameters</KEYWORD2>
			<KEYWORD2>PostParameters</KEYWORD2>
			<KEYWORD2>UseTypeTag</KEYWORD2>
			<KEYWORD2>InputMIMEList</KEYWORD2>
			<KEYWORD2>OutputMIMEList</KEYWORD2>
			<KEYWORD2>QualityParameters</KEYWORD2>
			<KEYWORD2>MIMETagMap</KEYWORD2>

			<!-- AnalyzerSettings -->
			<KEYWORD2>ImageAnalyzers</KEYWORD2>
			<KEYWORD2>ImageAnalyzerAlias</KEYWORD2>
			<KEYWORD2>AnalyzerMIMEList</KEYWORD2>
			<KEYWORD2>MIMEList</KEYWORD2>
			
		<!-- layout.ini -->
			<KEYWORD2>PageLayout</KEYWORD2>
			
		<!-- ldap.ini -->
			<KEYWORD2>LDAPVersion</KEYWORD2>
			<KEYWORD2>LDAPEnabled</KEYWORD2>
			<KEYWORD2>LDAPServer</KEYWORD2>
			<KEYWORD2>LDAPPort</KEYWORD2>
			<KEYWORD2>LDAPBaseDn</KEYWORD2>
			<KEYWORD2>LDAPSearchScope</KEYWORD2>
			<KEYWORD2>LDAPEqualSign</KEYWORD2>   
			<KEYWORD2>LDAPSearchFilters</KEYWORD2>
			<KEYWORD2>LDAPLoginAttribute</KEYWORD2>
			<KEYWORD2>LDAPUserGroupType</KEYWORD2>
			<KEYWORD2>LDAPUserGroup</KEYWORD2>
			<KEYWORD2>LDAPUserGroupAttributeType</KEYWORD2>
			<KEYWORD2>LDAPUserGroupAttribute</KEYWORD2>
			<KEYWORD2>LDAPFirstNameAttribute</KEYWORD2>
			<KEYWORD2>LDAPLastNameAttribute</KEYWORD2>
			<KEYWORD2>LDAPEmailAttribute</KEYWORD2>
			<KEYWORD2>Utf8Encoding</KEYWORD2>
			
		<!-- logfile.ini -->
			<KEYWORD2>StorageDir</KEYWORD2>
			<KEYWORD2>LogFileName</KEYWORD2>
			<KEYWORD2>SitePrefix</KEYWORD2>
		
		<!-- menu.ini -->
			<KEYWORD2>AvailableMenuArray</KEYWORD2>
			<KEYWORD2>CurrentMenu</KEYWORD2>
			<KEYWORD2>TopMenu</KEYWORD2>
			<KEYWORD2>LeftMenu</KEYWORD2>
			<KEYWORD2>TitleText</KEYWORD2>
			<KEYWORD2>MenuThumbnail</KEYWORD2>

			<!-- MenuContentSettings -->
			<KEYWORD2>TopIdentifierList</KEYWORD2>
			<KEYWORD2>LeftIdentifierList</KEYWORD2>

			<!-- NavigationPart -->
			<KEYWORD2>Part</KEYWORD2>
			<KEYWORD2>Tabs</KEYWORD2>
			<KEYWORD2>URL</KEYWORD2>
			<KEYWORD2>NavigationPartIdentifier</KEYWORD2>
			<KEYWORD2>Name</KEYWORD2>
			<KEYWORD2>Tooltip</KEYWORD2>
			<KEYWORD2>Enabled</KEYWORD2>
			<KEYWORD2>Shown</KEYWORD2>
			<KEYWORD2>MenuWidth</KEYWORD2>
			
		<!-- module.ini -->
			<KEYWORD2>ModuleRepositories</KEYWORD2>
			<KEYWORD2>ExtensionRepositories</KEYWORD2>
			<KEYWORD2>ModuleList</KEYWORD2>
			<KEYWORD2>NavigationPart</KEYWORD2>

		<!-- notification.ini -->
			<KEYWORD2>RepositoryDirectories</KEYWORD2>
			<KEYWORD2>ExtensionDirectories</KEYWORD2>
			<KEYWORD2>AvailableNotificationEventTypes</KEYWORD2>
			<KEYWORD2>DefaultTransport</KEYWORD2>
			<KEYWORD2>TransportPluginPath</KEYWORD2>
			
		<!-- override.ini -->
			<KEYWORD2>Source</KEYWORD2>
			<KEYWORD2>MatchFile</KEYWORD2>
			<KEYWORD2>Subdir</KEYWORD2>
			<KEYWORD2>Match</KEYWORD2>
			
		<!-- package.ini -->
			<KEYWORD2>RepositoryDirectory</KEYWORD2>
			<KEYWORD2>HandlerAlias</KEYWORD2>
			<KEYWORD2>TypeList</KEYWORD2>
			<KEYWORD2>StateList</KEYWORD2>
			<KEYWORD2>RoleList</KEYWORD2>
			<KEYWORD2>HandlerList</KEYWORD2>
				
		<!-- paymentgateways.ini -->
			<KEYWORD2>AvailableGateways</KEYWORD2>
			<KEYWORD2>GatewaysDerictories</KEYWORD2>
			
		<!-- pdf.ini -->
			<!-- PDFGeneral -->
			<KEYWORD2>Format</KEYWORD2>
			<KEYWORD2>Orientation</KEYWORD2>
			<KEYWORD2>TopMargin</KEYWORD2>
			<KEYWORD2>BottomMargin</KEYWORD2>
			<KEYWORD2>LeftMargin</KEYWORD2>
			<KEYWORD2>RightMargin</KEYWORD2>

			<!-- Header/Footer -->
			<KEYWORD2>Page</KEYWORD2>
			<KEYWORD2>LineThicknes</KEYWORD2>
			<KEYWORD2>LineMargin</KEYWORD2>
			<KEYWORD2>PageOffset</KEYWORD2>
			
		<!-- setup.ini -->
			<KEYWORD2>MinimumVersion</KEYWORD2>
			<KEYWORD2>UnstableVersions</KEYWORD2>
			<KEYWORD2>Extensions</KEYWORD2>
			<KEYWORD2>Require</KEYWORD2>
			<KEYWORD2>MinMemoryLimit</KEYWORD2>
			<KEYWORD2>MinExecutionTime</KEYWORD2>
			<KEYWORD2>CheckList</KEYWORD2>
			<KEYWORD2>TestList</KEYWORD2>
			<KEYWORD2>Functions</KEYWORD2>
			
			<!-- imagemagick_program -->
			<KEYWORD2>unix_Executable</KEYWORD2>
			<KEYWORD2>unix_SearchPaths</KEYWORD2>
			<KEYWORD2>unix_ExcludePaths</KEYWORD2>
			<KEYWORD2>win32_Executable</KEYWORD2>
			<KEYWORD2>win32_SearchPaths</KEYWORD2>
			<KEYWORD2>win32_ExcludePaths</KEYWORD2>
			
			<!-- DatabaseSettings -->
			<KEYWORD2>DefaultServer</KEYWORD2>
			<KEYWORD2>DefaultName</KEYWORD2>
			<KEYWORD2>DefaultUser</KEYWORD2>
			<KEYWORD2>DefaultPassword</KEYWORD2>
			<KEYWORD2>CleanSQL</KEYWORD2>
			<KEYWORD2>DemoSQL</KEYWORD2>
			<KEYWORD2>SQLSchema</KEYWORD2>
			<KEYWORD2>CleanSQLData</KEYWORD2>
			<KEYWORD2>DemoSQLData</KEYWORD2>
			
			<!-- DemoSettings -->
			<KEYWORD2>DataFile</KEYWORD2>
			
			<!-- SiteTemplates -->
			<KEYWORD2>ThumbnailBase</KEYWORD2>
			<KEYWORD2>ThumbnailExtension</KEYWORD2>
				
		<!-- shopaccount.ini : literals only, listed in general literals -->

		<!-- site.ini -->		
			<!-- DatabaseSettings -->
			<KEYWORD2>DatabasePluginPath</KEYWORD2>
			<KEYWORD2>DatabaseImplementation</KEYWORD2>
			<KEYWORD2>Server</KEYWORD2>
			<KEYWORD2>User</KEYWORD2>
			<KEYWORD2>Password</KEYWORD2>
			<KEYWORD2>Database</KEYWORD2>
			<KEYWORD2>UseSlaveServer</KEYWORD2>
			<KEYWORD2>SlaveServerArray</KEYWORD2>
			<KEYWORD2>SlaverServerUser</KEYWORD2>
			<KEYWORD2>SlaverServerPassword</KEYWORD2>
			<KEYWORD2>SlaverServerDatabase</KEYWORD2>
			<KEYWORD2>ConnectRetries</KEYWORD2>
			<KEYWORD2>Charset</KEYWORD2>
			<KEYWORD2>UseBuiltinEncoding</KEYWORD2>
			<KEYWORD2>Socket</KEYWORD2>
			<KEYWORD2>QueryAnalysisOutput</KEYWORD2>
			<KEYWORD2>SQLOutput</KEYWORD2>
			<KEYWORD2>SlowQueriesOutput</KEYWORD2>
			<KEYWORD2>ImplementationAlias</KEYWORD2>
			<KEYWORD2>UsePersistentConnection</KEYWORD2>
			<KEYWORD2>Transactions</KEYWORD2>

			<!-- ExtensionSettings -->
			<KEYWORD2>ExtensionDirectory</KEYWORD2>
			<KEYWORD2>ActiveExtensions</KEYWORD2>
			<KEYWORD2>ActiveAccessExtensions</KEYWORD2>

			<!-- InformationCollectionSettings -->
			<KEYWORD2>EmailReceiver</KEYWORD2>

			<!-- Session -->
			<KEYWORD2>SessionTimeout</KEYWORD2>
			<KEYWORD2>ActivityTimeout</KEYWORD2>
			<KEYWORD2>CookieTimeout</KEYWORD2>
			<KEYWORD2>SessionNameHandler</KEYWORD2>
			<KEYWORD2>SessionNamePrefix</KEYWORD2>
			<KEYWORD2>SessionNamePerSiteAccess</KEYWORD2>
				
			<!-- DebugSettings -->
			<KEYWORD2>DebugOutput</KEYWORD2>			
			<KEYWORD2>AlwaysLog</KEYWORD2>
			<KEYWORD2>ScriptDebugOutput</KEYWORD2>
			<KEYWORD2>DebugByIP</KEYWORD2>
			<KEYWORD2>DebugIPList</KEYWORD2>
			<KEYWORD2>Debug</KEYWORD2>
			<KEYWORD2>DebugRedirection</KEYWORD2>
			<KEYWORD2>DisplayDebugWarnings</KEYWORD2>
			<KEYWORD2>DebugLogOnly</KEYWORD2>
			<KEYWORD2>DebugToolbar</KEYWORD2>
			<KEYWORD2>QuickSettingsList</KEYWORD2>

			<!-- URLTranslator -->
			<KEYWORD2>Translation</KEYWORD2>
			<KEYWORD2>WildcardTranslation</KEYWORD2>
			<KEYWORD2>MaximumWildcardIterations</KEYWORD2>
			<KEYWORD2>NodeTranslation</KEYWORD2>

			<!-- SiteSettings -->
			<KEYWORD2>SiteName</KEYWORD2>
			<KEYWORD2>SiteURL</KEYWORD2>
			<KEYWORD2>MetaDataArray</KEYWORD2>
			<KEYWORD2>Dir</KEYWORD2>
			<KEYWORD2>IndexPage</KEYWORD2>
			<KEYWORD2>ErrorHandler</KEYWORD2>
			<KEYWORD2>DefaultPage</KEYWORD2>
			<KEYWORD2>DefaultAccess</KEYWORD2>
			<KEYWORD2>LoginPage</KEYWORD2>
			<KEYWORD2>SSLPort</KEYWORD2>
			<KEYWORD2>SiteList</KEYWORD2>

			<!-- SearchSettings -->
			<KEYWORD2>SearchEngine</KEYWORD2>
			<KEYWORD2>SearchViewHandling</KEYWORD2>
			<KEYWORD2>LogSearchStats</KEYWORD2>
			<KEYWORD2>MaximumSearchLimit</KEYWORD2>
			<KEYWORD2>AllowEmptySearch</KEYWORD2>
			<KEYWORD2>EnableWildcard</KEYWORD2>
			<KEYWORD2>MinCharacterWildcard</KEYWORD2>
			<KEYWORD2>StopWordThresholdValue</KEYWORD2>
			<KEYWORD2>StopWordThresholdPercent</KEYWORD2>
			<KEYWORD2>DelayedIndexing</KEYWORD2>

			<!-- UserSettings -->
			<KEYWORD2>GeneratePasswordIfEmpty</KEYWORD2>
			<KEYWORD2>GeneratePasswordLength</KEYWORD2>
			<KEYWORD2>AnonymousUserID</KEYWORD2>
			<KEYWORD2>DefaultUserPlacement</KEYWORD2>
			<KEYWORD2>DefaultSectionID</KEYWORD2>
			<KEYWORD2>RegistrationFeedback</KEYWORD2>
			<KEYWORD2>VerifyUserEmail</KEYWORD2>
			<KEYWORD2>RegistrationEmail</KEYWORD2>
			<KEYWORD2>UserClassID</KEYWORD2>
			<KEYWORD2>UserGroupClassID</KEYWORD2>
			<KEYWORD2>UserClassGroupID</KEYWORD2>
			<KEYWORD2>UserCreatorID</KEYWORD2>
			<KEYWORD2>HashType</KEYWORD2>
			<KEYWORD2>SiteName</KEYWORD2>
			<KEYWORD2>UpdateHash</KEYWORD2>
			<KEYWORD2>AuthenticateMatch</KEYWORD2>
			<KEYWORD2>RequireUniqueEmail</KEYWORD2>
			<KEYWORD2>UseSpecialCharacters</KEYWORD2>
			<KEYWORD2>LogoutRedirect</KEYWORD2>
			<KEYWORD2>LoginHandler</KEYWORD2>

			<!-- ExtensionSettings -->
			<KEYWORD2>ExtensionDirectory</KEYWORD2>

			<!-- SiteAccessSettings -->
			<KEYWORD2>ForceVirtualHost</KEYWORD2>
			<KEYWORD2>CheckValidity</KEYWORD2>
			<KEYWORD2>RequireUserLogin</KEYWORD2>
			<KEYWORD2>AvailableSiteAccessList</KEYWORD2>
			<KEYWORD2>DebugAccess</KEYWORD2>
			<KEYWORD2>DebugExtraAccess</KEYWORD2>
			<KEYWORD2>AnonymousAccessList</KEYWORD2>
			<KEYWORD2>MatchOrder</KEYWORD2>
			<KEYWORD2>URIMatchType</KEYWORD2>
			<KEYWORD2>URIMatchElement</KEYWORD2>
			<KEYWORD2>URIMatchRegexp</KEYWORD2>
			<KEYWORD2>URIMatchRegexpItem</KEYWORD2>
			<KEYWORD2>HostMatchType</KEYWORD2>
			<KEYWORD2>HostMatchElement</KEYWORD2>
			<KEYWORD2>HostMatchRegexp</KEYWORD2>
			<KEYWORD2>HostMatchRegexpItem</KEYWORD2>
			<KEYWORD2>HostMatchSubtextPre</KEYWORD2>
			<KEYWORD2>HostMatchSubtextPost</KEYWORD2>
			<KEYWORD2>#HostMatchMapItems</KEYWORD2>
			<KEYWORD2>PathPrefix</KEYWORD2>
			<KEYWORD2>ServerVariableName</KEYWORD2>
			<KEYWORD2>ShowHiddenNodes</KEYWORD2>

			<!-- PortAccessSettings -->
			<KEYWORD2>1337</KEYWORD2>
			<KEYWORD2>1338</KEYWORD2>

			<!-- RoleSettings -->
			<KEYWORD2>EnableCaching</KEYWORD2>
			<KEYWORD2>UserPolicyCache</KEYWORD2>
			<KEYWORD2>PolicyOmitList</KEYWORD2>
			<KEYWORD2>ShowAccessDeniedReason</KEYWORD2>

			<!-- SiteAccessRules -->
			<KEYWORD2>Rules</KEYWORD2>

			<!-- DesignSettings -->
			<KEYWORD2>StandardDesign</KEYWORD2>
			<KEYWORD2>SiteDesign</KEYWORD2>
			<KEYWORD2>AdditionalSiteDesignList</KEYWORD2>

			<!-- SetupSettings -->
			<KEYWORD2>PageLayout</KEYWORD2>
			<KEYWORD2>CriticalTests</KEYWORD2>
			<KEYWORD2>OptionalTests</KEYWORD2>
			<KEYWORD2>OverrideSiteDesign</KEYWORD2>

			<!-- RegionalSettings -->
			<KEYWORD2>Locale</KEYWORD2>
			<KEYWORD2>HTTPLocale</KEYWORD2>
			<KEYWORD2>SystemLocale</KEYWORD2>
			<KEYWORD2>ContentObjectLocale</KEYWORD2>
			<KEYWORD2>ContentXMLCharset</KEYWORD2>
			<KEYWORD2>TextTranslation</KEYWORD2>
			<KEYWORD2>TranslationCache</KEYWORD2>
			<!-- <KEYWORD2>Debug</KEYWORD2> -->
			<KEYWORD2>DevelopmentMode</KEYWORD2>
			<KEYWORD2>TranslationRepository</KEYWORD2>
			<KEYWORD2>TranslationExtensions</KEYWORD2>

			<!-- UnitSettings -->
			<KEYWORD2>BinaryUnits</KEYWORD2>
			<KEYWORD2>UseSIUnits</KEYWORD2>

			<!-- FileSettings -->
			<KEYWORD2>TemporaryDir</KEYWORD2>
			<KEYWORD2>TemporaryPermissions</KEYWORD2>
			<KEYWORD2>StorageDir</KEYWORD2>
			<KEYWORD2>StorageDirPermissions</KEYWORD2>
			<KEYWORD2>StorageFilePermissions</KEYWORD2>
			<KEYWORD2>DirDepth</KEYWORD2>
			<KEYWORD2>VarDir</KEYWORD2>
			<KEYWORD2>CacheDir</KEYWORD2>
			<KEYWORD2>LogDir</KEYWORD2>

			<!-- TemplateSettings -->
			<KEYWORD2>AutoloadPath</KEYWORD2>
			<KEYWORD2>AutoloadPathList</KEYWORD2>
			<KEYWORD2>ExtensionAutoloadPath</KEYWORD2>
			<!-- <KEYWORD2>Debug</KEYWORD2> -->
			<KEYWORD2>ShowXHTMLCode</KEYWORD2>
			<KEYWORD2>ShowMethodDebug</KEYWORD2>
			<KEYWORD2>ShowUsedTemplates</KEYWORD2>
			<KEYWORD2>NodeTreeCaching</KEYWORD2>
			<KEYWORD2>TemplateCompile</KEYWORD2>
			<KEYWORD2>TemplateOptimization</KEYWORD2>
			<KEYWORD2>UseFormatting</KEYWORD2>
			<KEYWORD2>TemplateCache</KEYWORD2>
			<KEYWORD2>DelayedCacheBlockCleanup</KEYWORD2>
			<KEYWORD2>TemplateCompression</KEYWORD2>
			<KEYWORD2>CompileComments</KEYWORD2>
			<KEYWORD2>CompileAccumulators</KEYWORD2>
			<KEYWORD2>CompileTimingPoints</KEYWORD2>
			<KEYWORD2>CompileResourceFallback</KEYWORD2>
			<KEYWORD2>CompileNodePlacements</KEYWORD2>
			<KEYWORD2>CompileExecution</KEYWORD2>
			<KEYWORD2>CompileAlwaysGenerate</KEYWORD2>
			<KEYWORD2>CompileIncludeNodeTree</KEYWORD2>
			
			<!-- ContentSettings -->
			<KEYWORD2>SurplusNode</KEYWORD2>
			<KEYWORD2>CacheDir</KEYWORD2>
			<KEYWORD2>ViewCaching</KEYWORD2>
			<KEYWORD2>CachedViewModes</KEYWORD2>
			<KEYWORD2>CachedViewPreferences</KEYWORD2>
			<KEYWORD2>ComplexDisplayViewModes</KEYWORD2>
			<KEYWORD2>CacheThreshold</KEYWORD2>
			<KEYWORD2>EditDirtyObjectAction</KEYWORD2>
			<KEYWORD2>PreViewCache</KEYWORD2>
			<KEYWORD2>PreCacheSiteaccessArray</KEYWORD2>
			<KEYWORD2>PreviewCacheUsers</KEYWORD2>
			<KEYWORD2>StaticCache</KEYWORD2>
			<KEYWORD2>TranslationList</KEYWORD2>

			<!-- MailSettings -->
			<KEYWORD2>Transport</KEYWORD2>
			<KEYWORD2>TransportServer</KEYWORD2>
			<KEYWORD2>TransportPort</KEYWORD2>
			<KEYWORD2>TransportUser</KEYWORD2>
			<KEYWORD2>TransportPassword</KEYWORD2>
			<KEYWORD2>AdminEmail</KEYWORD2>
			<KEYWORD2>EmailSender</KEYWORD2>
			<KEYWORD2>AllowedCharsets</KEYWORD2>
			<KEYWORD2>OutputCharset</KEYWORD2>
			<KEYWORD2>ContentType</KEYWORD2>
			<KEYWORD2>HeaderLineEnding</KEYWORD2>

			<!-- ShopSettings -->
			<KEYWORD2>ClearBasketOnCheckout</KEYWORD2>
			<KEYWORD2>RedirectAfterAddToBasket</KEYWORD2>
			
			<!-- OverrideSettings -->
			<KEYWORD2>Cache</KEYWORD2>
			<KEYWORD2>Module</KEYWORD2>
			
			<!-- RSSSettings -->
			<KEYWORD2>NumberOfObjectsList</KEYWORD2>
			<KEYWORD2>NumberOfObjectsDefault</KEYWORD2>
			<KEYWORD2>CacheTime</KEYWORD2>
			<KEYWORD2>AvailableVersionList</KEYWORD2>
			<KEYWORD2>DefaultVersion</KEYWORD2>

			<!-- BackwardCompatibilitySettings -->
			<KEYWORD2>UsingDesignAdmin34</KEYWORD2>
			<KEYWORD2>AdvancedObjectRelationList</KEYWORD2>

			<!-- TipAFriend -->
			<KEYWORD2>MaxRequestsPerTimeframe</KEYWORD2>
			<KEYWORD2>TimeFrame</KEYWORD2>
			<KEYWORD2>FromEmail</KEYWORD2>
			
		<!-- soap.ini -->
			<KEYWORD2>EnableSOAP</KEYWORD2>
			<KEYWORD2>Logging</KEYWORD2>
			<KEYWORD2>SOAPExtensions</KEYWORD2>
			
		<!-- staticcache.ini -->
			<KEYWORD2>HostName</KEYWORD2>
			<KEYWORD2>StaticStorageDir</KEYWORD2>
			<KEYWORD2>MaxCacheDepth</KEYWORD2>
			<KEYWORD2>CachedURLArray</KEYWORD2>
			<KEYWORD2>CachedSiteAccesses</KEYWORD2>
			<KEYWORD2>AlwaysUpdateArray</KEYWORD2>
			
		<!-- template.ini -->
			<!-- CharsetSettings -->
			<KEYWORD2>DefaultTemplateCharset</KEYWORD2>
			<KEYWORD2>DefaultTemplateLocale</KEYWORD2>
			<KEYWORD2>AutoConvertOnSave</KEYWORD2>
			
			<!-- ControlSettings -->
			<KEYWORD2>DisplayWarnings</KEYWORD2>
			<KEYWORD2>AllowUserVariables</KEYWORD2>
			<KEYWORD2>AllowUserVariables</KEYWORD2>
			<KEYWORD2>MaxLevel</KEYWORD2>

			<!-- WashSettings -->
			<KEYWORD2>EmailDotText</KEYWORD2>
			<KEYWORD2>EmailAtText</KEYWORD2>
			
			<!-- PHP -->
			<KEYWORD2>PHPOperatorList</KEYWORD2>

			<!-- AutoLinkOperator -->
			<KEYWORD2>MaxCharacters</KEYWORD2>
			<KEYWORD2>Methods</KEYWORD2>

			<!-- SimpleTagsOperator -->
			<KEYWORD2>Extensions</KEYWORD2>
			<KEYWORD2>IncludeList</KEYWORD2>
			<KEYWORD2>TagList</KEYWORD2>
			
		<!-- textfile.ini -->
			<KEYWORD2>TextFileEnabled</KEYWORD2>
			<KEYWORD2>FileName</KEYWORD2>
			<KEYWORD2>FilePath</KEYWORD2>
			<KEYWORD2>FileFieldSeparator</KEYWORD2>
			<KEYWORD2>DefaultUserGroupType</KEYWORD2>
			<KEYWORD2>DefaultUserGroup</KEYWORD2>
			<KEYWORD2>LoginAttribute</KEYWORD2>
			<KEYWORD2>PasswordAttribute</KEYWORD2>
			<KEYWORD2>FirstNameAttribute</KEYWORD2>
			<KEYWORD2>LastNameAttribute</KEYWORD2>
			<KEYWORD2>EmailAttribute</KEYWORD2>
			
		<!-- texttoimage.ini -->
			<KEYWORD2>UseCache</KEYWORD2>
			<KEYWORD2>FontDir</KEYWORD2>
			<KEYWORD2>CacheDir</KEYWORD2>
			<KEYWORD2>HtmlDir</KEYWORD2>
			
			
			<KEYWORD2>Family</KEYWORD2>
			<KEYWORD2>PointSize</KEYWORD2>
			<KEYWORD2>Angle</KEYWORD2>
			<KEYWORD2>XAdjustment</KEYWORD2>
			<KEYWORD2>YAdjustment</KEYWORD2>
			<KEYWORD2>WidthAdjustment</KEYWORD2>
			<KEYWORD2>HeightAdjustment</KEYWORD2>
			<KEYWORD2>BackgroundColor</KEYWORD2>
			<KEYWORD2>TextColor</KEYWORD2>
			<KEYWORD2>AbsoluteWidth</KEYWORD2>
			<KEYWORD2>AbsoluteHeight</KEYWORD2>
			
		<!-- toolbar.ini -->
			<!-- Toolbar -->
			<KEYWORD2>AvailableToolBarArray</KEYWORD2>
			
			<!-- Tool -->
			<KEYWORD2>AvailableToolArray</KEYWORD2>
			<KEYWORD2>Tool</KEYWORD2>
			
			<KEYWORD2>relative_check</KEYWORD2>
			<KEYWORD2>show_subtree</KEYWORD2>
			<KEYWORD2>show_classidentifiers</KEYWORD2>
			<KEYWORD2>parent_node</KEYWORD2>
			<KEYWORD2>treelist_check</KEYWORD2>
			<KEYWORD2>product_parent_node</KEYWORD2>
			<KEYWORD2>placement_node</KEYWORD2>
			<KEYWORD2>type_classidentifier</KEYWORD2>			
			<KEYWORD2>href</KEYWORD2>
			
		<!-- transform.ini -->
			<KEYWORD2>Files</KEYWORD2>
			<KEYWORD2>Charsets</KEYWORD2>
			<KEYWORD2>Commands</KEYWORD2>
			
		<!-- units.ini -->
			<KEYWORD2>meter</KEYWORD2>
			<KEYWORD2>gram</KEYWORD2>
			<KEYWORD2>second</KEYWORD2>
			<KEYWORD2>ampere</KEYWORD2>
			<KEYWORD2>kelvin</KEYWORD2>
			<KEYWORD2>mole</KEYWORD2>
			<KEYWORD2>candela</KEYWORD2>
			<KEYWORD2>byte</KEYWORD2>
			<KEYWORD2>bit</KEYWORD2>
			
			<KEYWORD2>kibi</KEYWORD2>
			<KEYWORD2>mebi</KEYWORD2>
			<KEYWORD2>gibi</KEYWORD2>
			<KEYWORD2>tebi</KEYWORD2>
			<KEYWORD2>pebi</KEYWORD2>
			<KEYWORD2>exbi</KEYWORD2>
			
			<KEYWORD2>yotta</KEYWORD2>
			<KEYWORD2>zetta</KEYWORD2>
			<KEYWORD2>exa</KEYWORD2>
			<KEYWORD2>peta</KEYWORD2>
			<KEYWORD2>tera</KEYWORD2>
			<KEYWORD2>giga</KEYWORD2>
			<KEYWORD2>mega</KEYWORD2>
			<KEYWORD2>kilo</KEYWORD2>
			<KEYWORD2>hecto</KEYWORD2>
			<KEYWORD2>deca</KEYWORD2>
			<KEYWORD2>deci</KEYWORD2>
			<KEYWORD2>centi</KEYWORD2>
			<KEYWORD2>milli</KEYWORD2>
			<KEYWORD2>micro</KEYWORD2>
			<KEYWORD2>nano</KEYWORD2>
			<KEYWORD2>pico</KEYWORD2>
			<KEYWORD2>femto</KEYWORD2>
			<KEYWORD2>atto</KEYWORD2>
			<KEYWORD2>zepto</KEYWORD2>
			<KEYWORD2>yocto</KEYWORD2>
			
		<!-- upload.ini -->
			<KEYWORD2>MaxItems</KEYWORD2>
			<KEYWORD2>MimeClassMap</KEYWORD2>
			<KEYWORD2>MimeUploadHandlerMap</KEYWORD2>
			<KEYWORD2>DefaultClass</KEYWORD2>
			<KEYWORD2>FileAttribute</KEYWORD2>
			<KEYWORD2>NameAttribute</KEYWORD2>
			<KEYWORD2>NamePattern</KEYWORD2>
			<KEYWORD2>ParentNodes</KEYWORD2>
			
		<!-- viewcache.ini -->
			<KEYWORD2>SmartCacheClear</KEYWORD2>
			<KEYWORD2>DependentClassIdentifier</KEYWORD2>
			<KEYWORD2>MaxParents</KEYWORD2>
			<KEYWORD2>ClearCacheMethod</KEYWORD2>
			<KEYWORD2>ObjectFilter</KEYWORD2>
			<KEYWORD2>MaxOffset</KEYWORD2>
			
		<!-- webdav.ini -->
			<KEYWORD2>EnableWebDAV</KEYWORD2>
			<KEYWORD2>Logging</KEYWORD2>
			<KEYWORD2>FolderClasses</KEYWORD2>
			<KEYWORD2>FileAttribute</KEYWORD2>
			<KEYWORD2>MIME</KEYWORD2>
			<KEYWORD2>FolderClass</KEYWORD2>
			
		<!-- wordtoimage.ini -->
			<KEYWORD2>IconRoot</KEYWORD2>
			<KEYWORD2>ReplaceText</KEYWORD2>
			<KEYWORD2>ReplaceIcon</KEYWORD2>
			
		<!-- workflow.ini -->
			<KEYWORD2>AvailableEventTypes</KEYWORD2>
			<KEYWORD2>AvailableOperations</KEYWORD2>
			<KEYWORD2>ShippingCost</KEYWORD2>
			<KEYWORD2>ShippingDescription</KEYWORD2>

		</KEYWORDS>

	</RULES>
	
	<RULES SET="EZINI" DEFAULT="KEYWORD3" IGNORE_CASE="FALSE" HIGHLIGHT_DIGITS="TRUE">
	
		<SEQ TYPE="LITERAL4">image/jpeg</SEQ>
		<SEQ TYPE="LITERAL4">image/pjpeg</SEQ>
		<SEQ TYPE="LITERAL4">image/gif</SEQ>
		<SEQ TYPE="LITERAL4">image/tiff</SEQ>
		<SEQ TYPE="LITERAL4">image/psd</SEQ>
		<SEQ TYPE="LITERAL4">image/bmp</SEQ>
		<SEQ TYPE="LITERAL4">image/psd</SEQ>
		<SEQ TYPE="LITERAL4">image/png</SEQ>
		<SEQ TYPE="LITERAL4">text/plain</SEQ>
	
		<SEQ TYPE="LITERAL4">video/quicktime</SEQ>
		<SEQ TYPE="LITERAL4">video/x-msvideo</SEQ>
		<SEQ TYPE="LITERAL4">video/vnd.rn-realvideo</SEQ>
		<SEQ TYPE="LITERAL4">application/vnd.rn-realmedia</SEQ>
		<SEQ TYPE="LITERAL4">application/x-shockwave-flash</SEQ>
		
		<KEYWORDS>
		
		<!-- misc -->
			<LITERAL4>image</LITERAL4>
			
		<!-- ezxml.ini -->
			<LITERAL4>ezsimplified</LITERAL4>
			<LITERAL4>ezxhtml</LITERAL4>
			<LITERAL4>ezplain</LITERAL4>
			
		<!-- fetchalias.ini -->
			<LITERAL4>sort_by</LITERAL4>
			<LITERAL4>class_id</LITERAL4>
			<LITERAL4>identifier</LITERAL4>
			<LITERAL4>parent_node_id</LITERAL4>
			<LITERAL4>offset</LITERAL4>
			<LITERAL4>limit</LITERAL4>
			<LITERAL4>object_id</LITERAL4>
			<LITERAL4>class_filter_type</LITERAL4>
			<LITERAL4>class_filter_array</LITERAL4>
			
		<!-- menu.ini -->		
			<LITERAL4>ezcontentnavigationpart</LITERAL4>
			<LITERAL4>ezmedianavigationpart</LITERAL4>
			<LITERAL4>ezusernavigationpart</LITERAL4>
			<LITERAL4>ezshopnavigationpart</LITERAL4>
			<LITERAL4>ezvisualnavigationpart</LITERAL4>
			<LITERAL4>ezsetupnavigationpart</LITERAL4>
			<LITERAL4>ezmynavigationpart</LITERAL4>
			<LITERAL4>ezcustomnavigationpart</LITERAL4>
			
			<!-- some of these may need to change because they have already been specified -->
			<LITERAL4>browse</LITERAL4>
			<LITERAL4>default</LITERAL4>
			<LITERAL4>edit</LITERAL4>
			<LITERAL4>navigation</LITERAL4>
			<LITERAL4>ui_context</LITERAL4>
			<LITERAL4>small</LITERAL4>
			<LITERAL4>medium</LITERAL4>
			<LITERAL4>large</LITERAL4>
			
		<!-- notification.ini -->
			<LITERAL4>advanced</LITERAL4>
			<LITERAL4>general</LITERAL4>
			<LITERAL4>keyword</LITERAL4>
			
		<!-- override.ini -->		
			<LITERAL4>class_identifier</LITERAL4>
			<LITERAL4>classification</LITERAL4>
			<LITERAL4>class</LITERAL4>
			<LITERAL4>node</LITERAL4>
			<LITERAL4>section</LITERAL4>
			<LITERAL4>section_id</LITERAL4>
			<LITERAL4>object</LITERAL4>
			<LITERAL4>parent_node</LITERAL4>
			<LITERAL4>view_offset</LITERAL4>
			<LITERAL4>depth</LITERAL4>
			<LITERAL4>navigation_part_identifier</LITERAL4>
			<LITERAL4>url_alias</LITERAL4>
			<LITERAL4>attribute_identifier</LITERAL4>
			<LITERAL4>class_group</LITERAL4>
			<LITERAL4>layout</LITERAL4>
			<LITERAL4>viewmode</LITERAL4>
			<LITERAL4>persistent_variable</LITERAL4>
			<LITERAL4>workflow</LITERAL4>
			<LITERAL4>workflowgroup</LITERAL4>
			
		<!-- package.ini -->
			<LITERAL4>contentclass</LITERAL4>
			<LITERAL4>contentobject</LITERAL4>
			<LITERAL4>iniaddon</LITERAL4>
			<LITERAL4>file</LITERAL4>
			<LITERAL4>ini</LITERAL4>
			<LITERAL4>design</LITERAL4>
			<LITERAL4>template</LITERAL4>
			<LITERAL4>thumbnail</LITERAL4>
			<LITERAL4>sql</LITERAL4>
			<LITERAL4>contentobject</LITERAL4>
			<LITERAL4>contentclass</LITERAL4>
			<LITERAL4>sitestyle</LITERAL4>
			<LITERAL4>site</LITERAL4>
			<LITERAL4>patch</LITERAL4>			
			<LITERAL4>mature</LITERAL4>
			<LITERAL4>stable</LITERAL4>
			<LITERAL4>beta</LITERAL4>
			<LITERAL4>alpha</LITERAL4>
			<LITERAL4>prealpha</LITERAL4>
			
		<!-- shopaccount.ini -->
			<LITERAL4>ezdefault</LITERAL4>
			<LITERAL4>ezuser</LITERAL4>
			
		<!-- site.ini -->
			<LITERAL4>mysql</LITERAL4>
			<LITERAL4>postgresql</LITERAL4>
			
		<!-- template.ini -->
			<LITERAL4>urlencode</LITERAL4>
			<LITERAL4>text</LITERAL4>
			<LITERAL4>literal</LITERAL4>
			<LITERAL4>code</LITERAL4>
			<LITERAL4>strong</LITERAL4>
			<LITERAL4>emphasize</LITERAL4>
			
		</KEYWORDS>
	
	</RULES>
	
	<!-- Charsets are a problem, they seem to undo all highlighting in all ini files,
	I'm not sure why at this stage so they can wait. 
	
	<RULES HIGHLIGHT_DIGITS="FALSE">
	
		<KEYWORDS>
		 CHAR_SETS 
			 The latin group 
			<LABEL>iso-8859-1</LABEL>
			<LABEL>iso-8859-2</LABEL>
			<LABEL>iso-8859-3</LABEL>
			<LABEL>iso-8859-4</LABEL>
			<LABEL>iso-8859-9</LABEL>
			<LABEL>iso-8859-10</LABEL>
			<LABEL>iso-8859-13</LABEL>
			<LABEL>iso-8859-14</LABEL>
			<LABEL>iso-8859-15</LABEL>
			<LABEL>cp437</LABEL>
			<LABEL>cp775</LABEL>
			<LABEL>cp850</LABEL>
			<LABEL>cp852</LABEL>
			<LABEL>cp857</LABEL>
			<LABEL>cp860</LABEL>
			<LABEL>cp861</LABEL>
			<LABEL>cp862</LABEL>
			<LABEL>cp863</LABEL>
			<LABEL>cp865</LABEL>
			<LABEL>cp932</LABEL>
			<LABEL>utf-8</LABEL>
			<LABEL>windows-1250</LABEL>
			<LABEL>windows-1252</LABEL>
			<LABEL>windows-1254</LABEL>
			<LABEL>windows-1257</LABEL>
			<LABEL>windows-1258</LABEL>
			
			 The cyrrilic group 
			<LABEL>koi8</LABEL>
			<LABEL>koi8-r</LABEL>
			<LABEL>iso-8859-5</LABEL>
			<LABEL>cp932</LABEL>
			<LABEL>cp866</LABEL>
			<LABEL>cp855</LABEL>
			<LABEL>windows-1251</LABEL>
			
			 The greek group 
			<LABEL>cp437</LABEL>
			<LABEL>cp737</LABEL>
			<LABEL>cp860</LABEL>
			<LABEL>cp861</LABEL>
			<LABEL>cp862</LABEL>
			<LABEL>cp863</LABEL>
			<LABEL>cp864</LABEL>
			<LABEL>cp865</LABEL>
			<LABEL>cp869</LABEL>
			<LABEL>cp932</LABEL>
			<LABEL>iso-8859-7</LABEL>
			<LABEL>macintosh</LABEL>
			<LABEL>windows-1253</LABEL>
			
			 The hebrew group 
			<LABEL>cp862</LABEL>
			<LABEL>iso-8859-8</LABEL>
			<LABEL>windows-1255</LABEL>
	
		</KEYWORDS>
		
	</RULES>
	-->
    
</MODE>
