<?xml version="1.0" encoding="UTF-8" standalone="no"?>

<!DOCTYPE MODE SYSTEM "xmode.dtd">

<!--
	TPL Mode by Nathan Kelly, addapted for EzPublish Template code .tpl
	If you need to contact me [nathan@infiniteeye.com.au] no spam please.
-->

<MODE>
	<PROPS>
		<PROPERTY NAME="commentStart" VALUE="&lt;!--" />
		<PROPERTY NAME="commentEnd" VALUE="--&gt;" />
	</PROPS>
	
	<RULES IGNORE_CASE="TRUE" HIGHLIGHT_DIGITS="TRUE">
		
	<!-- SGML comment -->
		<SPAN TYPE="COMMENT1">
			<BEGIN>&lt;!--</BEGIN>
			<END>--&gt;</END>
		</SPAN>
		
	<!-- EzP CHARSET -->
		<SPAN TYPE="LABEL">
			<BEGIN>{*?</BEGIN>
			<END>?*}</END>
		</SPAN>
		
	<!-- EzP comment -->
		<SPAN TYPE="COMMENT2">
			<BEGIN>{*</BEGIN>
			<END>*}</END>
		</SPAN>
		
	<!-- JavaScript -->
		<SPAN TYPE="MARKUP" DELEGATE="html::JAVASCRIPT">
			<BEGIN>&lt;SCRIPT</BEGIN>
			<END>&lt;/SCRIPT&gt;</END>
		</SPAN>

	<!-- stylesheet -->
		<SPAN TYPE="MARKUP" DELEGATE="html::CSS">
			<BEGIN>&lt;STYLE</BEGIN>
			<END>&lt;/STYLE&gt;</END>
		</SPAN>

	<!-- Standard SGML markup tags -->
		<SPAN TYPE="MARKUP" DELEGATE="TAGS">
			<BEGIN>&lt;</BEGIN>
			<END>&gt;</END>
		</SPAN>

	<!-- SGML entities -->
		<SPAN TYPE="LITERAL2" NO_WORD_BREAK="TRUE">
			<BEGIN>&amp;</BEGIN>
			<END>;</END>
		</SPAN>
        
	<!-- EzP markup tags -->
		<SPAN TYPE="OPERATOR" DELEGATE="EZCODE">
			<BEGIN>{</BEGIN>
			<END>}</END>
		</SPAN>
		
	</RULES>

	<RULES SET="EZCODE" DEFAULT="KEYWORD1" IGNORE_CASE="TRUE" HIGHLIGHT_DIGITS="TRUE">
	
	<!-- Standard Template Operators -->
		<SPAN TYPE="OPERATOR" DELEGATE="EZCODE">
			<BEGIN>(</BEGIN>
			<END>)</END>
		</SPAN>	
		
		<SPAN TYPE="OPERATOR" DELEGATE="EZCODE">
			<BEGIN>[</BEGIN>
			<END>]</END>
		</SPAN>	
	
		<SPAN TYPE="LITERAL3">
			<BEGIN>"</BEGIN>
			<END>"</END>
		</SPAN>
		
		<SPAN TYPE="LITERAL4">
			<BEGIN>'</BEGIN>
			<END>'</END>
		</SPAN>
		
	<!-- Stop highlighting within strings containing keywords -->
		<MARK_FOLLOWING TYPE="KEYWORD1">$</MARK_FOLLOWING>
		<MARK_FOLLOWING TYPE="KEYWORD1">.</MARK_FOLLOWING>
				
	<!-- Operators -->
		<SEQ TYPE="OPERATOR">=</SEQ>
		<SEQ TYPE="OPERATOR">.</SEQ>
		<SEQ TYPE="OPERATOR">,</SEQ>
		<SEQ TYPE="OPERATOR">:</SEQ>
		<SEQ TYPE="OPERATOR">|</SEQ>		
		
		<KEYWORDS>
		
		<!-- TEMPLATE VARIABLES AND CONTROL STRUCTURES -->
			<KEYWORD2>section</KEYWORD2>
			<KEYWORD2>section-else</KEYWORD2>
			<KEYWORD2>/section</KEYWORD2>			
			
			<KEYWORD2>let</KEYWORD2>
			<KEYWORD2>/let</KEYWORD2>
			
			<KEYWORD2>default</KEYWORD2>
			<KEYWORD2>/default</KEYWORD2>
			
			<KEYWORD2>set</KEYWORD2>
			<KEYWORD2>/set</KEYWORD2>
			
			<KEYWORD2>def</KEYWORD2>
			<KEYWORD2>undef</KEYWORD2>
			
			<KEYWORD2>switch</KEYWORD2>
			<KEYWORD2>/switch</KEYWORD2>
			
			<KEYWORD2>case</KEYWORD2>
			<KEYWORD2>/case</KEYWORD2>
			
			<KEYWORD2>if</KEYWORD2>
			<KEYWORD2>/if</KEYWORD2>
			
			<KEYWORD2>else</KEYWORD2>
			<KEYWORD2>else-if</KEYWORD2>
			
			<KEYWORD2>foreach</KEYWORD2>
			<KEYWORD2>/foreach</KEYWORD2>
			
			<KEYWORD2>do</KEYWORD2>
			<KEYWORD2>/do</KEYWORD2>
			
			<KEYWORD2>for</KEYWORD2>
			<KEYWORD2>/for</KEYWORD2>
			
			<KEYWORD2>while</KEYWORD2>
			<KEYWORD2>/while</KEYWORD2>
			
			<KEYWORD2>append-block</KEYWORD2>
			<KEYWORD2>/append-block</KEYWORD2>

			<KEYWORD2>set-block</KEYWORD2>
			<KEYWORD2>/set-block</KEYWORD2>
			
			<KEYWORD2>cache-block</KEYWORD2>
			<KEYWORD2>/cache-block</KEYWORD2>
			
			<KEYWORD2>run-once</KEYWORD2>
			<KEYWORD2>/run-once</KEYWORD2>
		
		<!-- Arrays -->
			<KEYWORD3>append</KEYWORD3>
			<KEYWORD3>array</KEYWORD3>
			<KEYWORD3>array_sum</KEYWORD3>
			<KEYWORD3>begins_with</KEYWORD3>
			<KEYWORD3>compare</KEYWORD3>  
			<KEYWORD3>contains</KEYWORD3>
			<KEYWORD3>ends_with</KEYWORD3>
			<KEYWORD3>explode</KEYWORD3>
			<KEYWORD3>extract</KEYWORD3>
			<KEYWORD3>extract_left</KEYWORD3>
			<KEYWORD3>extract_right</KEYWORD3>
			<KEYWORD3>hash</KEYWORD3>
			<KEYWORD3>implode</KEYWORD3>
			<KEYWORD3>insert</KEYWORD3>
			<KEYWORD3>merge</KEYWORD3>
			<KEYWORD3>prepend</KEYWORD3> 
			<KEYWORD3>remove</KEYWORD3>
			<KEYWORD3>repeat</KEYWORD3>
			<KEYWORD3>reverse</KEYWORD3>
			<KEYWORD3>unique</KEYWORD3>

		<!-- Data and information extraction -->
			<KEYWORD3>currentdate</KEYWORD3>
			<KEYWORD3>ezhttp</KEYWORD3>
			<KEYWORD3>ezini</KEYWORD3>
			<KEYWORD3>ezpreference</KEYWORD3>
			<KEYWORD3>ezsys</KEYWORD3>
			<KEYWORD3>fetch</KEYWORD3>
			<KEYWORD3>fetch_alias</KEYWORD3>
			<KEYWORD3>module_params</KEYWORD3>
			
		<!-- Formatting and internationalization -->
			<KEYWORD3>datetime</KEYWORD3>
			<KEYWORD3>i18n</KEYWORD3>
			<KEYWORD3>l10n</KEYWORD3>
			<KEYWORD3>si</KEYWORD3>
			
		<!-- Images -->
			<KEYWORD2>image</KEYWORD2>
			<KEYWORD2>imagefile</KEYWORD2>
			<KEYWORD2>texttoimage</KEYWORD2>
    
		<!-- Logical operations -->	
			<KEYWORD2>and</KEYWORD2>
			<KEYWORD2>as</KEYWORD2>
			<KEYWORD2>choose</KEYWORD2>
			<KEYWORD2>cond</KEYWORD2>
			<KEYWORD2>eq</KEYWORD2>
			<KEYWORD2>false</KEYWORD2>
			<KEYWORD2>first_set</KEYWORD2>
			<KEYWORD2>ge</KEYWORD2>
			<KEYWORD2>gt</KEYWORD2>
			<KEYWORD2>le</KEYWORD2>
			<KEYWORD2>lt</KEYWORD2>
			<KEYWORD2>ne</KEYWORD2>
			<KEYWORD2>not</KEYWORD2>
			<KEYWORD2>null</KEYWORD2>
			<KEYWORD2>or</KEYWORD2>
			<KEYWORD2>true</KEYWORD2>

		<!-- Mathematics -->
			<KEYWORD2>abs</KEYWORD2>
			<KEYWORD2>ceil</KEYWORD2>
			<KEYWORD2>dec</KEYWORD2>
			<KEYWORD2>div</KEYWORD2>
			<KEYWORD2>floor</KEYWORD2>
			<KEYWORD2>inc</KEYWORD2>
			<KEYWORD2>max</KEYWORD2>
			<KEYWORD2>min</KEYWORD2>
			<KEYWORD2>mod</KEYWORD2>
			<KEYWORD2>mul</KEYWORD2>
			<KEYWORD2>round</KEYWORD2>
			<KEYWORD2>sub</KEYWORD2>
			<KEYWORD2>sum</KEYWORD2>
			
		<!-- Miscellaneous -->
			<LABEL>sequence</LABEL>
			<LABEL>include</LABEL>
					
			<KEYWORD3>loop</KEYWORD3>
			<KEYWORD3>attribute</KEYWORD3>
			<KEYWORD3>match</KEYWORD3>
			<KEYWORD3>show</KEYWORD3>
			<KEYWORD3>name</KEYWORD3>
			<KEYWORD3>uri</KEYWORD3>
			<KEYWORD3>not</KEYWORD3>
			<KEYWORD3>var</KEYWORD3>
			
			<KEYWORD3>page_uri</KEYWORD3>
			<KEYWORD3>item_count</KEYWORD3>
			<KEYWORD3>view_parameters</KEYWORD3>
			<KEYWORD3>item_limit</KEYWORD3>
		
			<KEYWORD3>debug_accumulator</KEYWORD3>
			<KEYWORD3>debug_timing_point</KEYWORD3>
			<KEYWORD3>debug_trace</KEYWORD3>		
			
			<KEYWORD3>ldelim</KEYWORD3>
			<KEYWORD3>literal</KEYWORD3>
			<KEYWORD3>rdelim</KEYWORD3>
						
			<KEYWORD3>action_icon</KEYWORD3>
			<KEYWORD3>classgroup_icon</KEYWORD3>
			<KEYWORD3>class_icon</KEYWORD3>
			<KEYWORD3>content_structure_tree</KEYWORD3>
			<KEYWORD3>ezpackage</KEYWORD3>
			<KEYWORD3>flag_icon</KEYWORD3>
			<KEYWORD3>gettime</KEYWORD3>
			<KEYWORD3>icon_info</KEYWORD3>
			<KEYWORD3>makedate</KEYWORD3>
			<KEYWORD3>maketime</KEYWORD3>
			<KEYWORD3>mimetype_icon</KEYWORD3>
			<KEYWORD3>month_overview</KEYWORD3>
			<KEYWORD3>pdf</KEYWORD3>
			<KEYWORD3>roman</KEYWORD3>
			<KEYWORD3>topmenu</KEYWORD3>
			<KEYWORD3>treemenu</KEYWORD3>

		<!-- Strings -->
			<KEYWORD3>append</KEYWORD3>
			<KEYWORD3>autolink</KEYWORD3>
			<KEYWORD3>begins_with</KEYWORD3>
			<KEYWORD3>break</KEYWORD3>
			<KEYWORD3>chr</KEYWORD3>
			<KEYWORD3>compare</KEYWORD3>
			<KEYWORD3>concat</KEYWORD3>
			<KEYWORD3>contains</KEYWORD3>
			<KEYWORD3>count_chars</KEYWORD3>
			<KEYWORD3>count_words</KEYWORD3>
			<KEYWORD3>crc32</KEYWORD3>
			<KEYWORD3>downcase</KEYWORD3>
			<KEYWORD3>ends_with</KEYWORD3>
			<KEYWORD3>explode</KEYWORD3>
			<KEYWORD3>extract</KEYWORD3>
			<KEYWORD3>extract left</KEYWORD3>
			<KEYWORD3>extract_right</KEYWORD3>
			<KEYWORD3>indent</KEYWORD3>
			<KEYWORD3>insert</KEYWORD3>
			<KEYWORD3>md5</KEYWORD3>
			<KEYWORD3>nl2br</KEYWORD3>
			<KEYWORD3>ord</KEYWORD3>
			<KEYWORD3>pad</KEYWORD3>
			<KEYWORD3>prepend</KEYWORD3>
			<KEYWORD3>remove</KEYWORD3>
			<KEYWORD3>repeat</KEYWORD3>
			<KEYWORD3>reverse</KEYWORD3>
			<KEYWORD3>rot13</KEYWORD3>
			<KEYWORD3>shorten</KEYWORD3>
			<KEYWORD3>simpletags</KEYWORD3>
			<KEYWORD3>simplify</KEYWORD3>
			<KEYWORD3>trim</KEYWORD3>
			<KEYWORD3>upcase</KEYWORD3>
			<KEYWORD3>upfirst</KEYWORD3>
			<KEYWORD3>upword</KEYWORD3>
			<KEYWORD3>wash</KEYWORD3>
			<KEYWORD3>wordtoimage</KEYWORD3>
			<KEYWORD3>wrap</KEYWORD3>
			
		<!-- URL's -->
			<KEYWORD4>exturl</KEYWORD4>
			<KEYWORD4>ezdesign</KEYWORD4>
			<KEYWORD4>ezimage</KEYWORD4>
			<KEYWORD4>ezroot</KEYWORD4>
			<KEYWORD4>ezurl</KEYWORD4>
		
		<!-- Variable and type handling -->	
			<KEYWORD4>count</KEYWORD4>
			<KEYWORD4>float</KEYWORD4>
			<KEYWORD4>get_class</KEYWORD4>
			<KEYWORD4>get_type</KEYWORD4>
			<KEYWORD4>int</KEYWORD4>
			<KEYWORD4>is_array</KEYWORD4>
			<KEYWORD4>is_boolean</KEYWORD4>
			<KEYWORD4>is_class</KEYWORD4>
			<KEYWORD4>is_float</KEYWORD4>
			<KEYWORD4>is_integer</KEYWORD4>
			<KEYWORD4>is_null</KEYWORD4>
			<KEYWORD4>is_numeric</KEYWORD4>
			<KEYWORD4>is_object</KEYWORD4>
			<KEYWORD4>is_set</KEYWORD4>
			<KEYWORD4>is_string</KEYWORD4>
			<KEYWORD4>is_unset</KEYWORD4>

		</KEYWORDS>
		
	</RULES>
    
	<RULES SET="TAGS" DEFAULT="MARKUP" IGNORE_CASE="TRUE" HIGHLIGHT_DIGITS="TRUE">
		
	<!-- EzP Inside HTML Tags -->
		<SPAN TYPE="OPERATOR" DELEGATE="EZCODE">
			<BEGIN>{</BEGIN>
			<END>}</END>
		</SPAN>
	
		<SPAN TYPE="LITERAL1">
			<BEGIN>"</BEGIN>
			<END>"</END>
		</SPAN>
		
		<SPAN TYPE="LITERAL1">
			<BEGIN>'</BEGIN>
			<END>'</END>
		</SPAN>

		<SEQ TYPE="OPERATOR">=</SEQ>

	</RULES>
</MODE>
